3/1/2013,12.57,12.75,12.46,12.71,11.925711,9734900
3/4/2013,12.62,12.78,12.52,12.66,11.878793,8842000
3/5/2013,12.73,12.82,12.67,12.8,12.010156,9154200
3/6/2013,12.88,13,12.73,12.79,12.000772,8573200
3/7/2013,12.86,12.99,12.69,12.76,11.972622,7870600
3/8/2013,12.79,12.88,12.73,12.82,12.02892,6161600
3/11/2013,12.69,12.75,12.59,12.7,11.916326,7493700
3/12/2013,12.68,12.78,12.56,12.74,11.953857,7771400
3/13/2013,12.74,12.96,12.62,12.74,11.953857,12146000
3/14/2013,12.82,12.86,12.67,12.75,11.963239,9582600
3/15/2013,12.75,12.75,12.59,12.64,11.86003,8894400
3/18/2013,12.56,12.67,12.46,12.55,11.775582,7457800
3/19/2013,12.56,12.62,12.38,12.47,11.700519,8887000
3/20/2013,12.59,12.66,12.48,12.62,11.841262,8514700
3/21/2013,12.55,12.57,12.4,12.42,11.653603,8475800
3/22/2013,12.46,12.53,12.41,12.48,11.709901,5811900
3/25/2013,12.55,12.56,12.32,12.41,11.644218,9051900
3/26/2013,12.44,12.51,12.39,12.5,11.728667,5813500
3/27/2013,12.45,12.72,12.42,12.65,11.869411,6373600
3/28/2013,12.62,12.84,12.53,12.83,12.038305,8731900
4/1/2013,12.8,12.8,12.32,12.41,11.644218,11070700
4/2/2013,12.42,12.45,12.2,12.28,11.522242,9288100
4/3/2013,12.26,12.33,12.04,12.13,11.381497,8828900
4/4/2013,12.09,12.29,12.05,12.25,11.494094,7366900
4/5/2013,12.07,12.46,12.04,12.46,11.691135,13783800
4/8/2013,12.47,12.47,12.2,12.43,11.662988,8166500
4/9/2013,12.44,12.72,12.35,12.63,11.850642,9514600
4/10/2013,12.64,12.85,12.61,12.83,12.038305,9617200
4/11/2013,12.65,12.85,12.3,12.77,11.982008,24230500
4/12/2013,12.83,13.23,12.72,13.09,12.28226,19263700
4/15/2013,13.05,13.09,12.74,12.82,12.02892,10760500
4/16/2013,12.94,13.05,12.87,12.96,12.160281,11721100
4/17/2013,12.86,12.98,12.71,12.79,12.000772,13323700
4/18/2013,12.82,12.9,12.54,12.54,11.766199,10063700
4/19/2013,12.53,12.61,12.37,12.57,11.794346,7575700
4/22/2013,12.56,12.7,12.46,12.59,11.813114,6139200
4/23/2013,12.7,13.05,12.68,12.92,12.122751,9423700
4/24/2013,12.96,13.47,12.95,13.36,12.535599,13913900
4/25/2013,13.43,13.5,13.31,13.47,12.638814,8830600
4/26/2013,13.45,13.47,13.34,13.41,12.582514,8108300
4/29/2013,13.43,13.62,13.37,13.57,12.732643,6742800
4/30/2013,13.6,13.77,13.51,13.77,12.9203,6917800
5/1/2013,13.77,13.86,13.6,13.65,12.807707,8532900
5/2/2013,13.64,13.85,13.56,13.81,12.957832,8087000
5/3/2013,13.9,13.97,13.82,13.87,13.01413,7346600
5/6/2013,13.87,13.95,13.75,13.83,12.976597,5427900
5/7/2013,13.83,13.86,13.52,13.65,12.807707,11201700
5/8/2013,13.67,13.98,13.62,13.9,13.042277,8350800
5/9/2013,13.65,13.97,13.63,13.91,13.051661,14170000
5/10/2013,14.2,14.6,14.2,14.54,13.642785,21528400
5/13/2013,14.44,14.5,14.18,14.24,13.3613,7245300
5/14/2013,14.41,14.57,14.27,14.45,13.558339,11353500
5/15/2013,14.38,14.75,14.38,14.7,13.792912,7829300
5/16/2013,14.68,14.83,14.58,14.63,13.727233,7709200
5/17/2013,14.7,14.97,14.59,14.87,13.952422,7802900
5/20/2013,14.81,14.9,14.76,14.84,13.924273,5909500
5/21/2013,14.85,14.98,14.68,14.92,14.070447,8944600
5/22/2013,14.98,14.98,14.34,14.4,13.580056,12010100
5/23/2013,14.23,14.68,14.19,14.63,13.796961,9847100
5/24/2013,14.55,14.67,14.38,14.54,13.712086,7082600
5/28/2013,14.65,14.69,14.39,14.53,13.702656,6982500
5/29/2013,14.44,14.53,14.38,14.44,13.617781,8376300
5/30/2013,14.42,14.78,14.38,14.63,13.796961,7112600
5/31/2013,14.55,14.76,14.47,14.47,13.646072,14437700
6/3/2013,14.49,14.6,14.15,14.45,13.627211,11111700
6/4/2013,14.54,14.8,14.38,14.47,13.646072,9091900
6/5/2013,14.45,14.56,14.12,14.16,13.353723,11613000
6/6/2013,14.16,14.36,14.15,14.25,13.438596,8526100
6/7/2013,14.35,14.54,14.29,14.45,13.627211,6864600
6/10/2013,14.41,14.53,14.33,14.44,13.617781,5603700
6/11/2013,14.25,14.45,14.17,14.17,13.363154,7408400
6/12/2013,14.24,14.36,13.97,14.05,13.249989,7814700
6/13/2013,14,14.44,13.99,14.37,13.551765,5906400
6/14/2013,14.42,14.44,14.25,14.35,13.532905,5900300
6/17/2013,14.46,14.62,14.38,14.49,13.664932,6383400
6/18/2013,14.56,14.72,14.28,14.4,13.580056,12169300
6/19/2013,14.53,15.48,14.48,14.84,13.995001,28989700
6/20/2013,14.72,14.74,14.34,14.44,13.617781,15717400
6/21/2013,14.52,14.57,14.18,14.42,13.598917,17855700
6/24/2013,14.21,14.39,13.91,14.12,13.316002,14519300
6/25/2013,14.27,14.3,14.07,14.22,13.410307,11434000
6/26/2013,14.38,14.4,14.08,14.14,13.334861,14493800
6/27/2013,14.18,14.2,13.86,14.01,13.212265,20200900
6/28/2013,14.01,14.18,13.83,14.04,13.240556,10788400
7/1/2013,14.14,14.17,14.01,14.1,13.297141,4988100
7/2/2013,14.02,14.3,13.96,14.09,13.287707,6409800
7/3/2013,13.97,14.3,13.97,14.13,13.325432,3509700
7/5/2013,14.17,14.27,14.08,14.24,13.429168,4617100
7/8/2013,14.28,14.35,14.09,14.17,13.363154,6552100
7/9/2013,14.2,14.33,14.16,14.24,13.429168,3934100
7/10/2013,14.24,14.47,14.2,14.43,13.608352,5211700
7/11/2013,14.51,14.65,14.48,14.63,13.796961,5995800
7/12/2013,14.6,14.78,14.55,14.64,13.80639,5409000
7/15/2013,14.67,14.67,14.38,14.61,13.778098,5033300
7/16/2013,14.67,14.77,14.6,14.69,13.853544,4064000
7/17/2013,14.69,14.74,14.57,14.61,13.778098,4152500
7/18/2013,14.59,14.64,14.36,14.55,13.721517,8612200
7/19/2013,14.46,14.53,14.09,14.24,13.429168,12013300
7/22/2013,14.35,14.48,14.17,14.23,13.419738,7309600
7/23/2013,14.41,14.41,14.14,14.21,13.400874,6169800
7/24/2013,14.34,14.38,14.19,14.21,13.400874,7106300
7/25/2013,14.2,14.45,14.1,14.26,13.44803,6083000
7/26/2013,14.09,14.29,14.09,14.2,13.391447,5684000
7/29/2013,14.17,14.35,14.13,14.17,13.363154,4488500
7/30/2013,14.22,14.6,14.21,14.41,13.589488,6651900
7/31/2013,14.34,14.58,14.33,14.44,13.617781,6754000
8/1/2013,14.49,14.67,14.32,14.64,13.80639,6941200
8/2/2013,14.61,14.79,14.51,14.76,13.919559,5240700
8/5/2013,14.72,14.88,14.64,14.83,13.985574,4629700
8/6/2013,14.84,14.87,14.58,14.61,13.778098,5165200
8/7/2013,14.53,14.75,14.52,14.6,13.76867,6109500
8/8/2013,14.68,14.77,14.51,14.7,13.862973,8642400
8/9/2013,14.12,14.71,14.11,14.49,13.664932,22655600
8/12/2013,13.9,14.58,13.11,14.37,13.551765,6439200
8/13/2013,14.39,14.48,14.3,14.42,13.598917,4936700
8/14/2013,14.39,15.12,14.38,15.03,14.174185,20712700
8/15/2013,14.87,15.25,14.81,15.13,14.268493,18090400
8/16/2013,15.1,15.4,15.07,15.19,14.325074,16511400
8/19/2013,15.1,15.15,14.94,14.95,14.098739,9835800
8/20/2013,14.87,15.05,14.85,14.95,14.169827,5854800
8/21/2013,14.86,15.05,14.82,14.88,14.103481,6538500
8/22/2013,14.87,15.1,14.87,14.96,14.179306,3225400
8/23/2013,14.98,15.1,14.93,14.96,14.179306,6128000
8/26/2013,14.97,15.03,14.93,14.99,14.207738,7503800
8/27/2013,14.85,14.95,14.75,14.8,14.027655,6936600
8/28/2013,14.83,14.94,14.74,14.8,14.027655,7970600
8/29/2013,14.75,14.91,14.71,14.77,13.999218,6905400
8/30/2013,14.78,14.82,14.68,14.75,13.980264,9453000
9/3/2013,14.79,14.97,14.67,14.76,13.989744,7117000
9/4/2013,14.76,14.99,14.74,14.9,14.122437,5552000
9/5/2013,14.84,15,14.83,14.94,14.160348,4372600
9/6/2013,14.95,15.03,14.77,14.88,14.103481,5668900
9/9/2013,15,15.13,14.96,15.13,14.340432,6160200
9/10/2013,15.24,15.46,15.17,15.45,14.643734,7303300
9/11/2013,15.43,15.75,15.32,15.71,14.890167,9904100
9/12/2013,15.63,15.9,15.63,15.7,14.880688,7595200
9/13/2013,15.75,15.87,15.64,15.8,14.975471,3992400
9/16/2013,15.93,16.040001,15.75,15.81,14.98495,5785300
9/17/2013,15.87,15.99,15.8,15.86,15.032338,4215200
9/18/2013,15.87,16.040001,15.79,16,15.165032,6704200
9/19/2013,16.07,16.1,15.86,15.93,15.098684,5689300
9/20/2013,15.97,16.07,15.76,15.79,14.96599,8900900
9/23/2013,15.78,15.91,15.55,15.64,14.823818,6781100
9/24/2013,15.65,15.76,15.56,15.7,14.880688,5743300
9/25/2013,15.67,15.84,15.6,15.72,14.899644,5828900
9/26/2013,15.76,15.79,15.58,15.67,14.852254,3720400
9/27/2013,15.55,15.68,15.49,15.58,14.766949,3798000
9/30/2013,15.42,15.67,15.33,15.56,14.747994,5666000
10/1/2013,15.58,15.65,15.46,15.55,14.738515,5674400
10/2/2013,15.39,15.6,15.39,15.54,14.729036,4050900
10/3/2013,15.55,15.69,15.31,15.38,14.577388,10919200
10/4/2013,15.36,15.72,15.32,15.59,14.776429,6155700
10/7/2013,15.53,15.7,15.45,15.59,14.776429,4248800
10/8/2013,15.55,15.77,15.34,15.46,14.653212,7267800
10/9/2013,15.56,15.57,15.14,15.22,14.425737,6896500
10/10/2013,15.33,15.43,15.22,15.39,14.586865,5587100
10/11/2013,15.15,15.34,15.1,15.26,14.463649,5342600
10/14/2013,15.22,15.49,15.22,15.49,14.681648,4165700
10/15/2013,15.49,15.58,15.4,15.41,14.605822,5220500
10/16/2013,15.5,15.66,15.48,15.6,14.785906,5251800
10/17/2013,15.48,15.67,15.48,15.63,14.814342,5333100
10/18/2013,15.6,15.86,15.54,15.81,14.98495,6376700
10/21/2013,16,16.01,15.8,15.85,15.02286,4875200
10/22/2013,15.85,15.86,15.63,15.77,14.947034,4486300
10/23/2013,15.74,15.74,15.45,15.5,14.691123,6305400
10/24/2013,15.54,15.64,15.36,15.39,14.586865,5910900
10/25/2013,15.47,15.48,15.19,15.24,14.444692,8262300
10/28/2013,15.22,15.29,15,15.21,14.416259,9850600
10/29/2013,15.19,15.26,15.05,15.23,14.435213,9698800
10/30/2013,15.28,15.35,15.09,15.22,14.425737,5100800
10/31/2013,15.24,15.35,15.16,15.19,14.397301,7334200
11/1/2013,15.27,15.33,15.15,15.26,14.463649,5153400
11/4/2013,15.31,15.31,14.79,14.82,14.04661,10256600
11/5/2013,14.73,14.87,14.57,14.8,14.027655,10559200
11/6/2013,14.8,14.91,14.65,14.9,14.122437,4951100
11/7/2013,14.85,14.89,14.52,14.55,13.790702,13826900
11/8/2013,15,15.61,14.94,15.56,14.747994,18363300
11/11/2013,15.5,15.73,15.47,15.69,14.871209,7440600
11/12/2013,15.76,15.85,15.54,15.72,14.899644,7900800
11/13/2013,15.68,16.15,15.65,16.15,15.307201,8319800
11/14/2013,16.1,16.32,16.09,16.219999,15.373551,7699500
11/15/2013,16.280001,16.299999,16.01,16.17,15.32616,11258300
11/18/2013,15.82,15.96,15.74,15.78,14.956513,7923700
11/19/2013,15.62,15.76,15.42,15.44,14.713511,5167900
11/20/2013,15.45,15.49,15.18,15.21,14.494333,5119400
11/21/2013,15.23,15.36,15.16,15.33,14.608687,5339200
11/22/2013,15.35,15.35,15.15,15.18,14.465744,3966700
11/25/2013,15.18,15.53,15.18,15.51,14.780219,6205200
11/26/2013,15.68,15.81,15.58,15.64,14.904101,18829400
11/27/2013,15.63,15.75,15.53,15.7,14.961276,4531800
11/29/2013,15.7,15.74,15.5,15.6,14.865982,2924100
12/2/2013,15.54,15.86,15.51,15.75,15.008924,9346800
12/3/2013,15.75,15.96,15.64,15.74,14.999395,7264000
12/4/2013,15.7,15.99,15.66,15.96,15.209044,12329400
12/5/2013,15.99,15.99,15.68,15.7,14.961276,6795300
12/6/2013,15.89,15.89,15.43,15.47,14.742101,7025000
12/9/2013,15.47,15.52,15.18,15.21,14.494333,9630500
12/10/2013,15.21,15.63,15.19,15.56,14.827865,13106700
12/11/2013,15.59,15.61,15.38,15.41,14.684921,10353900
12/12/2013,15.36,15.44,15.08,15.11,14.399039,6468100
12/13/2013,15.14,15.25,15,15.02,14.313274,4614700
12/16/2013,15.03,15.17,15.02,15.04,14.332333,5940500
12/17/2013,15.03,15.15,14.9,15.11,14.399039,6852600
12/18/2013,15.14,15.35,14.95,15.32,14.599157,10655800
12/19/2013,15.3,15.4,15.2,15.38,14.656335,6463600
12/20/2013,15.41,15.7,15.37,15.69,14.951749,9552000
12/23/2013,15.78,15.91,15.65,15.78,15.037514,4214200
12/24/2013,15.87,15.87,15.66,15.82,15.075633,1990000
12/26/2013,15.88,15.93,15.63,15.67,14.93269,4223000
12/27/2013,15.75,15.79,15.66,15.76,15.018456,5274400
12/30/2013,15.77,15.98,15.75,15.97,15.218573,6204500
12/31/2013,16,16.1,15.9,16.02,15.266223,5894400
1/2/2014,15.92,15.98,15.72,15.86,15.11375,6502300
1/3/2014,15.89,15.92,15.62,15.67,14.93269,6483300
1/6/2014,15.83,16,15.68,15.88,15.13281,10237300
1/7/2014,16.040001,16.200001,15.93,16.139999,15.380575,8332200
1/8/2014,16.200001,16.440001,16.139999,16.360001,15.590222,7704800
1/9/2014,16.110001,16.139999,15.7,15.75,15.008924,7304300
1/10/2014,15.8,15.91,15.59,15.73,14.989867,5462300
1/13/2014,15.73,15.83,15.33,15.36,14.637277,6083300
1/14/2014,15.44,15.87,15.37,15.84,15.09469,6045700
1/15/2014,15.91,16.07,15.84,16.01,15.256693,4376100
1/16/2014,16.01,16.09,15.94,16.059999,15.304339,5516300
1/17/2014,16.059999,16.25,15.89,15.99,15.237632,8510000
1/21/2014,16.01,16.15,15.88,16.049999,15.294808,6151900
1/22/2014,16.08,16.1,15.84,16.030001,15.27575,8448500
1/23/2014,15.98,16.15,15.85,15.97,15.218573,4625700
1/24/2014,15.84,15.9,15.56,15.56,14.827865,6167400
1/27/2014,15.56,15.78,15.37,15.46,14.732571,5845300
1/28/2014,15.43,15.62,15.37,15.61,14.875511,4199900
1/29/2014,15.55,15.64,15.45,15.46,14.732571,4073600
1/30/2014,15.55,15.75,15.5,15.72,14.980337,5072400
1/31/2014,15.5,15.79,15.49,15.7,14.961276,8383700
2/3/2014,15.81,15.83,15.43,15.49,14.761159,10793200
2/4/2014,15.48,15.61,15.4,15.58,14.846923,7017300
2/5/2014,15.47,15.52,15.32,15.44,14.713511,5366900
2/6/2014,15.46,15.68,15.44,15.64,14.904101,4209500
2/7/2014,15.68,15.89,15.54,15.87,15.12328,3931200
2/10/2014,15.85,16.129999,15.84,15.92,15.170926,8109300
2/11/2014,16.01,16.290001,15.93,16.25,15.485398,5884600
2/12/2014,16.299999,16.950001,16.299999,16.83,16.038105,18613200
2/13/2014,17.25,17.459999,16.950001,17.360001,16.543171,22570900
2/14/2014,17.200001,17.950001,17.190001,17.91,17.067287,20438400
2/18/2014,17.92,17.98,17.75,17.9,17.057762,10724700
2/19/2014,17.9,18.299999,17.82,18.139999,17.28647,11258500
2/20/2014,18.18,18.82,18.15,18.780001,17.896357,9952200
2/21/2014,18.75,18.99,18.52,18.639999,17.762943,11276300
2/24/2014,18.6,19.049999,18.43,18.91,18.020245,10077800
2/25/2014,18.799999,18.879999,18.540001,18.74,17.938873,6054600
2/26/2014,18.700001,18.98,18.65,18.709999,17.910152,9022100
2/27/2014,18.709999,18.9,18.450001,18.5,17.709133,9721200
2/28/2014,18.4,18.58,18.110001,18.379999,17.594261,8042300
3/3/2014,17.969999,18.290001,17.809999,18.290001,17.508116,9398700
3/4/2014,18.379999,18.6,18.35,18.48,17.689989,6508600
3/5/2014,18.459999,18.65,18.379999,18.639999,17.843147,6036800
3/6/2014,18.67,18.77,18.35,18.379999,17.594261,7253600
3/7/2014,18.459999,18.49,18.219999,18.360001,17.575121,6711300
3/10/2014,18.299999,18.379999,18.01,18.09,17.316662,7522200
3/11/2014,18.18,18.43,18.120001,18.27,17.488968,7430500
3/12/2014,18.18,18.43,18.110001,18.32,17.536825,5985700
3/13/2014,18.360001,18.43,17.65,17.74,16.981625,9629300
3/14/2014,17.559999,17.98,17.559999,17.82,17.058203,11501200
3/17/2014,17.870001,18,17.799999,17.82,17.058203,7491400
3/18/2014,17.889999,18.360001,17.809999,18.24,17.460249,7347600
3/19/2014,18.379999,18.91,18.33,18.559999,17.766567,9154200
3/20/2014,18.459999,18.73,18.379999,18.57,17.776142,4795000
3/21/2014,18.73,18.879999,18.440001,18.540001,17.747423,14152900
3/24/2014,18.549999,18.700001,18.18,18.450001,17.66127,7652400
3/25/2014,18.65,18.67,18.309999,18.450001,17.66127,7610600
3/26/2014,18.620001,18.969999,17.870001,18.030001,17.259228,13943900
3/27/2014,17.99,18.139999,17.59,17.790001,17.029484,13518200
3/28/2014,17.76,18.01,17.709999,17.9,17.134783,9970500
3/31/2014,17.93,18.09,17.809999,17.91,17.144358,6835100
4/1/2014,18.48,18.870001,18.26,18.65,17.85272,16406800
4/2/2014,18.65,18.690001,18.450001,18.530001,17.73785,5998700
4/3/2014,18.57,19.18,18.559999,18.73,17.9293,14988700
4/4/2014,18.83,18.940001,18.07,18.15,17.374096,9200800
4/7/2014,18.16,18.559999,18.059999,18.209999,17.431532,10714400
4/8/2014,18.209999,18.91,18.18,18.860001,18.053745,11767300
4/9/2014,18.950001,19.110001,18.690001,18.84,18.034599,10549200
4/10/2014,18.76,19.02,18.32,18.379999,17.594261,9318700
4/11/2014,18.24,18.52,17.879999,18.120001,17.345379,8827800
4/14/2014,18.24,18.389999,18.120001,18.32,17.536825,7254600
4/15/2014,18.34,18.549999,18.16,18.450001,17.66127,7615900
4/16/2014,18.540001,18.559999,18.26,18.49,17.69956,5878400
4/17/2014,18.42,18.73,18.379999,18.559999,17.766567,3838300
4/21/2014,18.57,18.76,18.450001,18.709999,17.910152,2925100
4/22/2014,18.74,18.99,18.639999,18.870001,18.063314,6378000
4/23/2014,18.9,19.139999,18.870001,19.09,18.273912,6539500
4/24/2014,19.219999,19.459999,19.219999,19.26,18.436644,9787300
4/25/2014,19.219999,19.4,18.690001,18.73,17.9293,7840000
4/28/2014,18.879999,18.98,18.42,18.65,17.85272,5669700
4/29/2014,18.719999,18.76,18.48,18.690001,17.891008,4282500
4/30/2014,18.66,18.68,18.43,18.469999,17.680416,7643500
5/1/2014,18.75,18.790001,18.42,18.57,17.776142,4952600
5/2/2014,18.66,18.66,18.32,18.43,17.642126,3909400
5/5/2014,18.41,18.77,18.389999,18.629999,17.833572,5981500
5/6/2014,18.809999,18.969999,18.200001,18.25,17.469818,10404700
5/7/2014,18.25,18.42,18.07,18.27,17.488968,7347500
5/8/2014,18.200001,18.790001,18.110001,18.5,17.709133,10818200
5/9/2014,17.940001,18.110001,17.709999,18.049999,17.278368,13488300
5/12/2014,18.09,18.620001,18.08,18.58,17.785713,7496400
5/13/2014,18.33,18.629999,18.219999,18.280001,17.498539,5527600
5/14/2014,18.290001,18.360001,18.09,18.1,17.326231,5358000
5/15/2014,18.059999,18.16,17.82,18,17.230507,8147400
5/16/2014,17.860001,18.09,17.860001,17.959999,17.192217,7099000
5/19/2014,18.15,18.639999,18.07,18.540001,17.747423,9001900
5/20/2014,18.459999,18.51,18.15,18.24,17.540667,6405000
5/21/2014,18.309999,18.469999,18.129999,18.24,17.540667,5417800
5/22/2014,18.200001,18.42,18.200001,18.32,17.617599,3259100
5/23/2014,18.42,18.58,18.309999,18.49,17.78108,4566400
5/27/2014,18.6,18.82,18.540001,18.82,18.098431,5242000
5/28/2014,18.889999,19.1,18.709999,18.98,18.252293,5616900
5/29/2014,18.969999,19.129999,18.91,18.950001,18.223448,4297100
5/30/2014,18.950001,19.049999,18.85,19,18.27153,5978200
6/2/2014,19.059999,19.18,18.780001,18.940001,18.213829,4537500
6/3/2014,18.98,19,18.610001,18.860001,18.136896,6080300
6/4/2014,18.809999,19.02,18.799999,18.879999,18.156126,4030900
6/5/2014,18.91,19.02,18.799999,18.959999,18.233059,4717400
6/6/2014,19.049999,19.200001,18.98,19.030001,18.300379,4026300
6/9/2014,19.01,19.23,18.879999,19.049999,18.319611,6186400
6/10/2014,18.98,19.24,18.9,19.15,18.415775,5440200
6/11/2014,19.08,19.450001,19.08,19.4,18.656191,6655700
6/12/2014,19.4,19.610001,19.23,19.52,18.771595,8428700
6/13/2014,19.719999,19.73,19.35,19.540001,18.790823,5696300
6/16/2014,19.450001,19.610001,19.309999,19.48,18.733126,4965500
6/17/2014,19.5,19.690001,19.4,19.610001,18.858143,3940200
6/18/2014,19.559999,19.68,19.379999,19.59,18.838907,5388400
6/19/2014,19.23,19.33,19,19.139999,18.406158,11864800
6/20/2014,19.190001,19.26,18.780001,18.93,18.204212,8828700
6/23/2014,18.68,18.719999,18.459999,18.709999,17.992647,10355000
6/24/2014,18.68,18.83,18.34,18.42,17.713764,6894500
6/25/2014,18.469999,18.620001,18.299999,18.610001,17.896482,5385500
6/26/2014,18.610001,18.620001,18.299999,18.360001,17.656063,6422700
6/27/2014,18.34,18.49,18.23,18.379999,17.675297,7570500
6/30/2014,18.309999,18.59,18.309999,18.540001,17.829166,4512800
7/1/2014,18.52,18.860001,18.459999,18.75,18.031109,8029500
7/2/2014,18.68,18.76,18.57,18.68,17.963797,4482100
7/3/2014,18.51,18.9,18.51,18.85,18.127283,3422300
7/7/2014,18.879999,18.889999,18.67,18.700001,17.983028,3187400
7/8/2014,18.65,18.73,18.370001,18.549999,17.838778,5548500
7/9/2014,18.709999,19.190001,18.57,19.110001,18.377312,9691700
7/10/2014,18.75,19.09,18.6,19.01,18.281141,6657700
7/11/2014,19.030001,19.110001,18.959999,19.049999,18.319611,4779700
7/14/2014,19.129999,19.34,19.059999,19.290001,18.550411,6815900
7/15/2014,19.32,19.42,19.190001,19.370001,18.627342,9886000
7/16/2014,19.450001,19.6,19.24,19.35,18.608105,7993200
7/17/2014,19.129999,19.5,19.129999,19.299999,18.560026,8120800
7/18/2014,18.9,19.049999,18.41,18.440001,17.732994,14195400
7/21/2014,18.370001,18.68,18.370001,18.549999,17.838778,6084100
7/22/2014,18.690001,18.790001,18.43,18.469999,17.761848,7470400
7/23/2014,18.48,18.49,18.059999,18.08,17.386801,7433800
7/24/2014,18.18,18.23,17.98,18.110001,17.415648,6364400
7/25/2014,18.049999,18.09,17.76,17.790001,17.107922,6653300
7/28/2014,17.870001,17.870001,17.42,17.719999,17.040604,8258800
7/29/2014,17.73,18.02,17.719999,17.780001,17.098301,5449300
7/30/2014,17.889999,18.129999,17.84,18.08,17.386801,6154600
7/31/2014,17.860001,18,17.469999,17.5,16.829039,10047000
8/1/2014,17.5,17.790001,17.440001,17.690001,17.011753,5497100
8/4/2014,17.67,17.82,17.559999,17.65,16.973291,6043100
8/5/2014,17.6,17.92,17.450001,17.66,16.982903,7453400
8/6/2014,17.540001,17.860001,17.41,17.639999,16.963669,5586400
8/7/2014,17.790001,17.950001,17.34,17.459999,16.790567,10192400
8/8/2014,18.219999,19.1,18.219999,19,18.27153,22358700
8/11/2014,19.02,19.1,18.85,18.9,18.175362,8615600
8/12/2014,18.889999,19,18.690001,18.9,18.175362,7403800
8/13/2014,18.93,19.17,18.809999,19.01,18.281141,6414900
8/14/2014,19.08,19.08,18.719999,18.799999,18.079197,6399800
8/15/2014,18.860001,19.15,18.68,19.040001,18.309994,9244900
8/18/2014,19.120001,19.32,18.93,19.299999,18.560026,7101900
8/19/2014,19.219999,19.469999,19.15,19.370001,18.709742,6206500
8/20/2014,19.299999,19.389999,19.200001,19.25,18.593834,5536700
8/21/2014,19.200001,19.299999,19.040001,19.07,18.419964,6819900
8/22/2014,19.049999,19.24,18.93,19.08,18.429626,6280600
8/25/2014,19.16,19.290001,19.07,19.110001,18.458605,3834500
8/26/2014,19.16,19.49,19.09,19.450001,18.787016,6740900
8/27/2014,19.33,19.48,19.200001,19.23,18.574514,4574300
8/28/2014,19.190001,19.43,19.129999,19.389999,18.729061,4492600
8/29/2014,19.459999,19.49,19.25,19.450001,18.787016,5198300
9/2/2014,19.5,19.5,19.32,19.5,18.835312,4815900
9/3/2014,19.6,19.75,19.469999,19.68,19.009176,6486400
9/4/2014,19.65,20.15,19.639999,20.030001,19.347248,12295800
9/5/2014,20.01,20.1,19.84,19.969999,19.289286,6344800
9/8/2014,19.950001,19.99,19.709999,19.790001,19.115427,7982200
9/9/2014,19.700001,19.83,19.52,19.540001,18.873945,4964700
9/10/2014,19.65,19.68,19.43,19.610001,18.941563,4309400
9/11/2014,19.469999,19.540001,19.200001,19.41,18.748377,6268000
9/12/2014,19.530001,19.530001,19.1,19.120001,18.468266,6563400
9/15/2014,19.18,19.209999,18.780001,18.860001,18.217127,7353800
9/16/2014,18.809999,19.24,18.75,19.139999,18.487579,5498400
9/17/2014,19.09,19.33,19,19.15,18.49724,4339600
9/18/2014,19.27,19.459999,19.209999,19.440001,18.777357,5490100
9/19/2014,19.5,19.52,19.049999,19.08,18.429626,15032900
9/22/2014,19.469999,19.469999,18.870001,18.889999,18.246105,5536600
9/23/2014,18.790001,19.02,18.719999,18.809999,18.168829,4903600
9/24/2014,18.799999,18.98,18.780001,18.92,18.275076,3989800
9/25/2014,18.9,18.950001,18.469999,18.51,17.879055,7461000
9/26/2014,18.57,18.690001,18.49,18.549999,17.917696,6029700
9/29/2014,18.4,18.65,18.219999,18.52,17.888716,5213500
9/30/2014,18.440001,18.58,18.23,18.450001,17.8211,6930100
10/1/2014,18.48,18.610001,18.219999,18.27,17.647236,8774400
10/2/2014,18.24,18.33,17.77,18.190001,17.569963,7224900
10/3/2014,18.299999,18.549999,18.23,18.23,17.608601,5978500
10/6/2014,18.299999,18.450001,18,18.120001,17.50235,4975800
10/7/2014,18.040001,18.219999,17.91,17.93,17.318827,7547400
10/8/2014,17.91,18.35,17.77,18.26,17.637581,6504300
10/9/2014,18.18,18.200001,17.76,17.91,17.299507,7673900
10/10/2014,17.77,17.83,16.84,16.85,16.27564,17284400
10/13/2014,16.959999,17.299999,16.77,16.790001,16.217684,9940700
10/14/2014,17.02,17.65,16.92,17.18,16.594391,9415500
10/15/2014,16.93,17.530001,16.82,17.440001,16.845528,10110700
10/16/2014,17.129999,17.65,17.09,17.450001,16.855188,8777900
10/17/2014,17.66,17.860001,17.35,17.42,16.82621,7267900
10/20/2014,17.42,17.73,17.299999,17.57,16.971094,5008400
10/21/2014,17.700001,18.34,17.65,18.32,17.695528,8777300
10/22/2014,18.290001,18.35,17.889999,17.889999,17.280188,5987800
10/23/2014,18.200001,18.42,18.07,18.290001,17.666557,5361900
10/24/2014,18.4,18.59,18.290001,18.48,17.850079,5253900
10/27/2014,18.469999,18.559999,18.27,18.49,17.859739,3627300
10/28/2014,18.440001,18.950001,18.42,18.93,18.28474,4814500
10/29/2014,18.85,18.959999,18.639999,18.809999,18.168829,4208500
10/30/2014,18.76,18.84,18.450001,18.690001,18.052923,4256500
10/31/2014,19.120001,19.549999,19.02,19.540001,18.873945,6407900
11/3/2014,19.99,20.059999,19.77,19.870001,19.192698,7718300
11/4/2014,20,20.200001,19.67,20.129999,19.443834,9004900
11/5/2014,20.25,20.26,19.98,20.129999,19.443834,8391300
11/6/2014,20.17,20.25,19.860001,20.219999,19.530766,9852200
11/7/2014,20.450001,20.690001,19.59,19.790001,19.115427,11270000
11/10/2014,19.77,20.15,19.719999,20.02,19.337582,7334700
11/11/2014,19.9,20.01,19.610001,19.780001,19.105764,5324800
11/12/2014,19.709999,19.76,19.379999,19.65,18.9802,5114600
11/13/2014,19.719999,19.75,19.389999,19.549999,18.883602,5633200
11/14/2014,19.57,19.790001,19.379999,19.790001,19.115427,4006200
11/17/2014,19.700001,19.91,19.57,19.700001,19.028494,3968300
11/18/2014,19.709999,20.219999,19.66,20.17,19.482475,5194300
11/19/2014,20.1,20.16,19.799999,20.01,19.409719,6007500
11/20/2014,19.870001,20.360001,19.809999,20.34,19.729822,5524200
11/21/2014,20.52,20.549999,20.280001,20.450001,19.836525,4974400
11/24/2014,20.5,20.67,20.42,20.58,19.962624,3400100
11/25/2014,20.540001,20.719999,20.5,20.57,19.952925,4756000
11/26/2014,20.450001,20.940001,20.440001,20.92,20.292419,5481600
11/28/2014,20.99,21.09,20.799999,20.969999,20.340921,3120800
12/1/2014,20.879999,21,20.549999,20.58,19.962624,4751500
12/2/2014,20.559999,20.700001,20.370001,20.610001,19.991724,6148800
12/3/2014,20.709999,21.15,20.65,21.139999,20.505821,7110600
12/4/2014,21.110001,21.190001,20.809999,20.950001,20.32152,4633300
12/5/2014,20.959999,21.18,20.950001,21.07,20.437925,4142000
12/8/2014,21.040001,21.25,20.629999,20.799999,20.176023,5673600
12/9/2014,20.67,20.780001,20.360001,20.73,20.10812,5986200
12/10/2014,20.67,20.75,20.25,20.27,19.661922,5109100
12/11/2014,20.389999,20.530001,20.219999,20.26,19.652224,3391300
12/12/2014,19.99,20.17,19.610001,19.629999,19.041121,8099100
12/15/2014,19.860001,20.219999,19.51,19.57,18.982922,6367400
12/16/2014,19.549999,19.860001,19.34,19.35,18.769524,4632700
12/17/2014,19.74,20.17,19.1,20.139999,19.535826,8639900
12/18/2014,20.389999,20.629999,20.030001,20.219999,19.61342,5653900
12/19/2014,20.360001,20.5,20.17,20.42,19.807423,8138200
12/22/2014,20.4,20.780001,20.33,20.780001,20.156618,3724400
12/23/2014,20.940001,21.040001,20.629999,20.65,20.030521,2732000
12/24/2014,20.700001,20.73,20.549999,20.57,19.952925,1141100
12/26/2014,20.57,20.700001,20.52,20.59,19.972324,1315900
12/29/2014,20.530001,20.700001,20.43,20.559999,19.94322,2073600
12/30/2014,20.42,20.52,20.34,20.370001,19.758921,2803000
12/31/2014,20.4,20.51,19.99,20.049999,19.448519,4157500
1/2/2015,20.129999,20.280001,19.809999,20.129999,19.526117,2842000
1/5/2015,20.129999,20.190001,19.700001,19.790001,19.196321,4948800
1/6/2015,19.82,19.84,19.17,19.190001,18.614317,4944100
1/7/2015,19.33,19.5,19.08,19.139999,18.565821,8045200
1/8/2015,19.360001,19.98,19.35,19.860001,19.264221,7094500
1/9/2015,19.93,20.09,19.66,19.940001,19.34182,5238500
1/12/2015,19.99,20,19.51,19.690001,19.099321,4768300
1/13/2015,19.84,20.24,19.52,19.66,19.070221,5909700
1/14/2015,19.450001,19.799999,19.4,19.74,19.14782,3881500
1/15/2015,19.879999,20,19.59,19.6,19.012024,4723300
1/16/2015,19.57,19.98,19.51,19.959999,19.361221,4537800
1/20/2015,20.1,20.209999,19.77,20.02,19.419424,3487500
1/21/2015,19.91,20.35,19.77,20.299999,19.691023,3619500
1/22/2015,20.34,20.709999,20.129999,20.65,20.030521,3992800
1/23/2015,20.67,20.75,20.5,20.709999,20.08872,2976700
1/26/2015,20.620001,20.719999,20.49,20.620001,20.001421,3331000
1/27/2015,20.299999,20.32,19.59,19.629999,19.041121,8948700
1/28/2015,19.870001,19.950001,19.299999,19.309999,18.730721,6818200
1/29/2015,19.32,19.889999,19.23,19.780001,19.186621,5883500
1/30/2015,19.639999,19.870001,19.17,19.200001,18.624023,7455000
2/2/2015,19.32,19.700001,18.940001,19.620001,19.03142,6490100
2/3/2015,19.76,20.129999,19.66,20.110001,19.506721,4555300
2/4/2015,20.049999,20.389999,19.99,20.16,19.555225,4537900
2/5/2015,20.18,20.5,20.16,20.49,19.87532,3511200
2/6/2015,20.469999,20.709999,20.309999,20.4,19.788025,5231900
2/9/2015,20.280001,20.440001,20.15,20.379999,19.76862,6848600
2/10/2015,20.4,20.959999,20.309999,20.950001,20.32152,5655100
2/11/2015,21,21,20.67,20.809999,20.18572,8020800
2/12/2015,22,22.5,21.870001,22.299999,21.631023,16922600
2/13/2015,22.25,22.34,21.91,22.309999,21.640724,7752100
2/17/2015,22.27,22.49,22.129999,22.379999,21.708626,5083500
2/18/2015,22.35,22.389999,22.08,22.120001,21.456427,4273700
2/19/2015,22.4,22.440001,22.08,22.18,21.514624,4235800
2/20/2015,22.16,22.35,22,22.34,21.669827,3943800
2/23/2015,22.33,22.33,22.049999,22.16,21.495224,3125200
2/24/2015,22.16,22.309999,21.959999,22.309999,21.724052,3733900
2/25/2015,22.219999,22.32,22.040001,22.139999,21.558517,3095500
2/26/2015,22.16,22.33,22.02,22.200001,21.616941,3821600
2/27/2015,22.139999,22.190001,21.98,22.059999,21.480618,3937300
3/2/2015,22,22.719999,21.969999,22.6,22.006437,7537800
3/3/2015,22.43,22.540001,22.110001,22.18,21.597464,4008600
3/4/2015,22.1,22.48,22.01,22.43,21.840897,5648400
3/5/2015,22.43,22.9,22.370001,22.860001,22.259605,8076400
3/6/2015,22.73,22.84,22.530001,22.549999,21.95775,6434800
3/9/2015,22.559999,22.780001,22.51,22.610001,22.016176,5559700
3/10/2015,22.709999,23.15,22.67,23,22.395931,13145300
3/11/2015,23,23.299999,22.82,22.879999,22.279083,6553000
3/12/2015,22.66,22.83,22.24,22.67,22.074593,10174300
3/13/2015,22.559999,22.76,22.25,22.700001,22.103811,8982200
3/16/2015,22.879999,23.110001,22.73,22.969999,22.366716,5923900
3/17/2015,22.92,23.26,22.76,23.25,22.639364,7497500
3/18/2015,23.25,23.370001,22.66,22.870001,22.269344,10337600
3/19/2015,22.950001,23.299999,22.780001,23.219999,22.610157,7768900
3/20/2015,23.41,23.610001,23.190001,23.469999,22.853586,11552100
3/23/2015,22.77,23.07,22.700001,22.709999,22.113543,10595700
3/24/2015,22.639999,22.799999,22.299999,22.4,21.811689,8262000
3/25/2015,22.389999,22.389999,20.969999,21.040001,20.487411,13563800
3/26/2015,20.610001,21.059999,20.459999,20.969999,20.419243,7798000
3/27/2015,21.09,21.459999,20.75,21.379999,20.818478,7940200
3/30/2015,21.48,21.58,21.200001,21.469999,20.906113,6331300
3/31/2015,21.41,21.43,20.91,20.93,20.380299,8931900
4/1/2015,21.01,21.08,20.65,21.01,20.458195,8228300
4/2/2015,21.129999,21.190001,20.879999,21.059999,20.506882,4805100
4/6/2015,20.969999,21.74,20.75,21.67,21.100864,12896600
4/7/2015,21.67,22.1,21.549999,21.860001,21.285873,10349100
4/8/2015,21.879999,22.1,21.67,22.02,21.441668,9160800
4/9/2015,21.85,22.6,21.84,22.530001,21.938276,9485800
4/10/2015,22.549999,22.77,22.469999,22.76,22.162235,6468200
4/13/2015,22.709999,22.84,22.450001,22.549999,21.95775,5918100
4/14/2015,22.459999,22.549999,22.139999,22.360001,21.772741,5441000
4/15/2015,22.42,22.799999,22.309999,22.629999,22.035646,6089000
4/16/2015,22.5,22.690001,22.33,22.49,21.899324,3882100
4/17/2015,22.02,22.42,22.01,22.200001,21.616941,7340900
4/20/2015,22.299999,22.440001,22.049999,22.09,21.509827,5739500
4/21/2015,22.360001,22.360001,21.950001,22.059999,21.480618,5761400
4/22/2015,22.190001,22.34,21.85,22.309999,21.724052,5185500
4/23/2015,21.9,22.43,21.65,22.219999,21.636417,6484500
4/24/2015,22.209999,22.219999,21.780001,22.030001,21.451408,6024000
4/27/2015,22.1,22.59,21.91,22.200001,21.616941,6211400
4/28/2015,22.16,22.389999,21.950001,22.309999,21.724052,5862100
4/29/2015,22.15,22.370001,22.049999,22.139999,21.558517,4878900
4/30/2015,22.030001,22.309999,21.98,22.200001,21.616941,5471100
5/1/2015,22.379999,22.82,22.280001,22.75,22.152494,6424200
5/4/2015,22.73,22.879999,22.540001,22.610001,22.016176,5018000
5/5/2015,22.530001,22.559999,21.93,22.030001,21.451408,7323200
5/6/2015,22.15,22.360001,21.809999,22.1,21.519571,7912100
5/7/2015,22.01,22.559999,21.940001,22.49,21.899324,13364100
5/8/2015,21.01,21.84,20.49,20.83,20.282923,28663800
5/11/2015,20.540001,20.84,20.379999,20.629999,20.088171,13603600
5/12/2015,20.48,21,20.469999,20.83,20.282923,9720000
5/13/2015,20.98,21.139999,20.75,20.950001,20.399773,7713100
5/14/2015,21.01,21.4,20.959999,21.290001,20.730841,7326300
5/15/2015,21.379999,21.48,21.17,21.299999,20.740576,5395600
5/18/2015,21.25,21.4,21.15,21.27,20.711367,8121800
5/19/2015,21.200001,21.27,21,21.040001,20.581272,6345200
5/20/2015,21.049999,21.299999,21.02,21.040001,20.581272,4920600
5/21/2015,21.049999,21.139999,20.870001,20.889999,20.434536,5992300
5/22/2015,20.940001,21.02,20.809999,20.860001,20.405191,5314800
5/26/2015,20.76,20.9,20.57,20.73,20.278023,6493300
5/27/2015,20.870001,21.940001,20.799999,21.84,21.363825,10808300
5/28/2015,21.84,22.209999,21.799999,22.139999,21.657282,8191400
5/29/2015,22.139999,22.280001,22.1,22.129999,21.647503,8324900
6/1/2015,22.27,22.6,22.129999,22.379999,21.892048,9316500
6/2/2015,22.24,22.360001,21.92,21.940001,21.461643,5544000
6/3/2015,22,22.17,21.66,21.700001,21.226879,6269700
6/4/2015,21.57,22.16,21.57,22.09,21.608372,8092800
6/5/2015,22.02,22.360001,21.790001,22.26,21.774666,7833000
6/8/2015,22.190001,22.34,21.5,21.75,21.275785,8549500
6/9/2015,21.77,22.02,21.73,21.860001,21.38339,6422200
6/10/2015,21.6,21.74,21.35,21.469999,21.00189,13236500
6/11/2015,21.469999,21.85,21.469999,21.700001,21.226879,7076300
6/12/2015,21.559999,21.690001,21.059999,21.110001,20.649746,8093200
6/15/2015,21,21.17,20.84,21.07,20.610609,7663700
6/16/2015,21.030001,21.360001,20.82,21.33,20.864943,6422300
6/17/2015,21.32,21.700001,21.27,21.58,21.109493,5838600
6/18/2015,21.76,22.08,21.700001,21.940001,21.461643,7485100
6/19/2015,21.940001,22.120001,21.67,21.870001,21.393173,8891400
6/22/2015,21.91,22.030001,21.450001,21.780001,21.305134,12855900
6/23/2015,21.82,21.99,21.049999,21.219999,20.757341,10351600
6/24/2015,21.190001,21.299999,20.91,21.01,20.55192,6334200
6/25/2015,21.01,21.299999,21.01,21.17,20.708431,8761500
6/26/2015,21,21.02,20.65,20.74,20.287807,10532400
6/29/2015,20.5,20.709999,20.09,20.120001,19.681326,9793100
6/30/2015,20.24,20.33,19.969999,20.110001,19.671543,7897900
7/1/2015,20.610001,20.9,20.219999,20.4,19.955219,7572300
7/2/2015,20.389999,20.549999,20.290001,20.42,19.974787,3644100
7/6/2015,20.25,20.530001,20.02,20.17,19.730234,5369400
7/7/2015,20.049999,20.129999,19.16,19.790001,19.358519,14856300
7/8/2015,19.68,19.799999,19.49,19.65,19.221571,8312300
7/9/2015,19.959999,20.049999,19.290001,19.41,18.986805,8939700
7/10/2015,19.66,19.93,19.610001,19.75,19.319391,5417700
7/13/2015,19.950001,19.99,19.75,19.879999,19.446556,5311800
7/14/2015,19.91,19.93,19.629999,19.889999,19.456339,6230400
7/15/2015,19.84,19.969999,19.57,19.75,19.319391,6643300
7/16/2015,19.870001,20.190001,19.799999,20.190001,19.749802,7071200
7/17/2015,20.120001,20.139999,19.809999,20.07,19.632416,5509300
7/20/2015,20.07,20.15,19.65,19.700001,19.270483,4710300
7/21/2015,19.66,20.07,19.66,19.790001,19.358519,3743000
7/22/2015,19.65,19.65,19.17,19.41,18.986805,8911800
7/23/2015,19.450001,19.940001,19.41,19.65,19.221571,4247900
7/24/2015,19.790001,19.809999,19.34,19.42,18.996586,4721100
7/27/2015,19.25,19.530001,19.09,19.309999,18.888983,4810500
7/28/2015,19.360001,19.860001,19.16,19.73,19.299829,4957700
7/29/2015,19.690001,20.129999,19.610001,19.969999,19.534594,5817000
7/30/2015,19.92,20.219999,19.92,20.02,19.583506,4754500
7/31/2015,20.1,20.110001,19.83,19.950001,19.515032,5458500
8/3/2015,20.110001,20.309999,19.85,20.290001,19.84762,9928300
8/4/2015,20.219999,20.43,20.139999,20.370001,19.925875,6502500
8/5/2015,20.870001,20.889999,20.540001,20.58,20.131296,5865700
8/6/2015,20.530001,20.68,20.110001,20.450001,20.004133,16391900
8/7/2015,22.459999,23.370001,21.879999,22.98,22.478968,35131200
8/10/2015,22.82,23.950001,22.68,23.780001,23.261524,16557600
8/11/2015,23.43,23.889999,23.43,23.66,23.144142,10858300
8/12/2015,23.280001,23.889999,23.280001,23.719999,23.202835,9601200
8/13/2015,23.75,23.799999,23.459999,23.52,23.007196,6922100
8/14/2015,23.5,23.68,23.360001,23.540001,23.026756,5364000
8/17/2015,23.5,23.5,23.1,23.389999,22.88003,6847000
8/18/2015,23.219999,23.379999,22.9,23.08,22.671293,7177100
8/19/2015,23.049999,23.309999,22.74,22.99,22.582886,6231200
8/20/2015,22.73,22.84,22.049999,22.16,21.767586,10673300
8/21/2015,22,22.370001,21.450001,21.469999,21.0898,9566600
8/24/2015,20.27,21.83,20,20.709999,20.34326,17057100
8/25/2015,21.620001,21.700001,20.280001,20.280001,19.920874,15567100
8/26/2015,20.940001,21.83,20.780001,21.809999,21.423782,15374400
8/27/2015,22.040001,22.639999,21.91,22.629999,22.229263,11594100
8/28/2015,22.629999,22.870001,22.469999,22.73,22.327486,8023600
8/31/2015,22.620001,22.780001,22.389999,22.48,22.081915,5459400
9/1/2015,21.83,22.200001,21.4,21.559999,21.178205,8835200
9/2/2015,22.15,22.219999,21.780001,22.209999,21.816696,8601100
9/3/2015,22.540001,22.65,22.23,22.27,21.875633,6563900
9/4/2015,21.889999,22.24,21.74,21.75,21.364843,7199300
9/8/2015,22.280001,22.77,22.190001,22.68,22.278374,5961200
9/9/2015,22.75,22.940001,22.18,22.23,21.836342,7226500
9/10/2015,22.1,22.860001,22,22.58,22.180149,8926900
9/11/2015,22.33,22.799999,22.24,22.65,22.248909,7539600
9/14/2015,22.76,22.83,22.57,22.690001,22.288197,4811500
9/15/2015,22.700001,23.059999,22.629999,22.940001,22.533772,8177900
9/16/2015,22.9,23.23,22.73,23.1,22.690939,4337700
9/17/2015,23.5,23.709999,23.26,23.309999,22.897219,6717800
9/18/2015,22.99,23.49,22.85,23.290001,22.877577,8123900
9/21/2015,23.32,23.58,23.200001,23.530001,23.113323,7046000
9/22/2015,23.02,23.18,22.77,22.889999,22.484659,5708900
9/23/2015,22.91,23.139999,22.82,23,22.59271,4040800
9/24/2015,22.860001,23.68,22.5,23.440001,23.024916,9561000
9/25/2015,23.73,24.07,23.379999,23.610001,23.191908,9242300
9/28/2015,23.610001,23.76,23.15,23.299999,22.887394,9889600
9/29/2015,23.549999,23.75,23.219999,23.709999,23.290136,9518400
9/30/2015,23.93,24.68,23.790001,24.65,24.213491,13859800
10/1/2015,24.65,24.719999,23.469999,24.17,23.741987,12232400
10/2/2015,24.040001,24.799999,23.790001,24.799999,24.360832,9653600
10/5/2015,24.959999,25.73,24.83,25.42,24.969854,12050600
10/6/2015,25.15,25.860001,25.049999,25.75,25.294014,11330400
10/7/2015,25.809999,26.280001,25.389999,26.02,25.559227,7753800
10/8/2015,25.91,26.24,25.469999,26.17,25.706572,11501700
10/9/2015,26.030001,26.280001,25.58,26.07,25.608345,10581200
10/12/2015,26.1,26.5,25.91,26.35,25.883387,5689700
10/13/2015,26.139999,26.559999,26.049999,26.4,25.932499,7461100
10/14/2015,26.43,27.790001,26.4,27.360001,26.875502,15303700
10/15/2015,27.41,27.99,27.129999,27.43,26.94426,13151200
10/16/2015,27.52,28.120001,27.450001,27.860001,27.366646,11209900
10/19/2015,27.950001,28.08,27.49,27.809999,27.317532,7367800
10/20/2015,27.690001,27.9,27.48,27.77,27.27824,6610700
10/21/2015,27.940001,28.110001,27.360001,27.41,26.924614,9657000
10/22/2015,27.73,28.49,27.690001,28.4,27.897083,7672100
10/23/2015,28.65,28.780001,28.219999,28.59,28.083721,9544400
10/26/2015,28.610001,28.68,28.200001,28.459999,27.956022,6185900
10/27/2015,28.32,28.620001,28.299999,28.440001,27.936378,5206700
10/28/2015,28.620001,28.67,28.200001,28.67,28.1623,5425900
10/29/2015,28.209999,28.5,27.629999,27.68,27.189835,8176300
10/30/2015,27.98,28.57,27.77,28.370001,27.867615,7529000
11/2/2015,28.459999,28.73,28.290001,28.700001,28.191772,4752200
11/3/2015,28.530001,28.690001,28.18,28.5,27.995314,9419200
11/4/2015,28.42,28.629999,27.9,28.030001,27.533638,11050200
11/5/2015,28.17,28.25,27.629999,27.709999,27.219301,11970000
11/6/2015,30.450001,31.940001,29.82,31.549999,30.991301,29306800
11/9/2015,31.24,31.5,30.969999,31.41,30.853781,12314200
11/10/2015,31,31.17,30.15,30.809999,30.264408,13806500
11/11/2015,30.83,31.049999,30.4,30.51,29.969719,15497400
11/12/2015,30.440001,30.719999,30.27,30.4,29.861666,7277000
11/13/2015,30.43,30.559999,29.65,29.799999,29.272291,7323500
11/16/2015,30.190001,30.42,29.950001,30.4,29.861666,8607000
11/17/2015,30.48,30.66,30.27,30.4,29.861666,6426200
11/18/2015,30.41,31.07,30.08,31.030001,30.596251,8755400
11/19/2015,31.139999,31.43,30.889999,31.120001,30.684994,6351800
11/20/2015,31.35,31.57,31.16,31.389999,30.95122,5993600
11/23/2015,31.65,31.65,30.809999,30.92,30.487789,6063800
11/24/2015,30.92,31.440001,30.780001,31.17,30.734299,4885700
11/25/2015,31.110001,31.48,31.02,31.129999,30.694855,3457500
11/27/2015,31.190001,31.49,31.030001,31.389999,30.95122,2174900
11/30/2015,31.42,31.860001,31.389999,31.719999,31.276608,8181100
12/1/2015,32,32.779999,31.969999,32.75,32.292206,10237400
12/2/2015,32.799999,33.139999,32.43,32.5,32.045704,7356000
12/3/2015,32.759998,33.099998,32.27,32.43,31.976681,6166400
12/4/2015,32.43,33.810001,32.43,33.75,33.278229,11468900
12/7/2015,33.740002,33.740002,33.009998,33.110001,32.647179,8339700
12/8/2015,32.700001,33.700001,32.490002,33.560001,33.090897,7862200
12/9/2015,33.549999,33.75,32.369999,32.709999,32.252769,9316900
12/10/2015,32.810001,33.16,32.700001,32.98,32.51899,5902200
12/11/2015,32.650002,32.880001,32.419998,32.490002,32.035847,5683000
12/14/2015,32.52,32.75,32.18,32.57,32.114727,6897300
12/15/2015,32.939999,33.200001,32.759998,32.970001,32.50914,7682400
12/16/2015,33.040001,33.279999,32.75,33.169998,32.706337,5908900
12/17/2015,33.220001,33.560001,32.650002,32.669998,32.213326,6354000
12/18/2015,32.439999,32.77,32.099998,32.139999,31.690737,9897400
12/21/2015,32.490002,32.93,32.200001,32.900002,32.440117,7105400
12/22/2015,33,33.259998,32.73,32.93,32.469696,3233800
12/23/2015,32.98,33.189999,32.919998,33.060001,32.597874,3063100
12/24/2015,32.959999,33.25,32.91,33.169998,32.706337,1311200
12/28/2015,32.82,33.139999,32.360001,33.139999,32.676762,3550600
12/29/2015,33.16,33.779999,33.07,33.68,33.209206,5091500
12/30/2015,33.650002,33.939999,33.380001,33.389999,32.92326,4508600
12/31/2015,33.34,33.490002,32.959999,32.959999,32.499268,3713200
1/4/2016,32.290001,32.580002,32.040001,32.369999,31.917522,8951900
1/5/2016,32.98,33.439999,32.5,32.889999,32.430252,12256800
1/6/2016,32.349998,32.5,31.16,31.530001,31.089266,11233600
1/7/2016,30.74,30.950001,29.879999,30.280001,29.856737,16132600
1/8/2016,30.67,30.700001,29.57,29.629999,29.21582,9961800
1/11/2016,29.66,29.889999,29.15,29.68,29.265123,10234300
1/12/2016,30.209999,30.620001,29.969999,30.18,29.758137,11733900
1/13/2016,30.41,30.610001,29.23,29.26,28.850996,12041800
1/14/2016,28.66,29,27.82,28.67,28.269241,15005900
1/15/2016,27.52,27.85,26.639999,27.110001,26.731047,21036300
1/19/2016,27.67,28.450001,27.219999,27.33,26.947971,11428500
1/20/2016,26.809999,27.83,26.450001,27.48,27.095873,12029500
1/21/2016,27.780001,28.23,27.209999,27.799999,27.4114,12036400
1/22/2016,28.33,28.639999,28.27,28.450001,28.052319,6449900
1/25/2016,28.440001,28.77,28.360001,28.42,28.022738,6768200
1/26/2016,28.48,28.82,28.190001,28.700001,28.298822,5698600
1/27/2016,28.66,28.75,27.82,28.360001,27.963577,5792500
1/28/2016,28.59,28.690001,27.5,28.049999,27.657906,6919400
1/29/2016,28.290001,29.35,28.18,29.290001,28.880577,7762600
2/1/2016,29.26,29.450001,29.01,29.299999,28.890436,7247100
2/2/2016,29,29.15,27.860001,28.059999,27.66777,8547700
2/3/2016,28.280001,28.450001,27.549999,28.200001,27.805813,8169300
2/4/2016,28.24,28.85,27.93,28.209999,27.815672,8684600
2/5/2016,28.02,28.33,26.35,26.43,26.060553,15010700
2/8/2016,26.030001,26.16,24.85,25.219999,24.867466,15221300
2/9/2016,24.92,26.549999,24.799999,25.49,25.133692,10572700
2/10/2016,25.65,26.389999,25.290001,25.43,25.074533,8395000
2/11/2016,24.780001,25.559999,24.780001,25.299999,24.94635,8503600
2/12/2016,25.700001,25.780001,24.75,25.73,25.370337,8520400
2/16/2016,26.1,27.030001,26.02,26.99,26.612726,12133800
2/17/2016,27.33,27.92,27.219999,27.66,27.273359,19286700
2/18/2016,29.93,30.98,29.9,30.040001,29.620092,26716500
2/19/2016,29.879999,30.709999,29.65,30.440001,30.014496,13140700
2/22/2016,30.879999,31.870001,30.82,31.52,31.079405,11241700
2/23/2016,31.27,31.9,31.120001,31.6,31.158285,9234500
2/24/2016,31.469999,31.870001,30.6,31.82,31.375208,8421300
2/25/2016,31.940001,32.049999,31.32,31.889999,31.444229,8727900
2/26/2016,32.040001,32.119999,31.360001,31.68,31.237167,9049100
2/29/2016,31.610001,32.02,31.34,31.360001,31.034296,8083600
3/1/2016,31.440001,32.75,31.389999,32.75,32.409859,8717500
3/2/2016,32.57,33.060001,32.509998,32.939999,32.597881,5845300
3/3/2016,32.900002,33.040001,32.209999,32.650002,32.310902,7544400
3/4/2016,32.900002,32.93,32.299999,32.549999,32.211933,4382600
3/7/2016,32.369999,32.59,31.92,32.34,32.004116,5999200
3/8/2016,32.009998,32.200001,31.65,31.75,31.420242,6873500
3/9/2016,32.029999,32.080002,31.32,31.73,31.400454,5569700
3/10/2016,31.92,32.099998,31.040001,31.68,31.350975,7135600
3/11/2016,32.150002,32.23,31.77,32.220001,31.885366,6935000
3/14/2016,32.07,32.43,31.92,32.299999,31.964533,4757800
3/15/2016,32.130001,32.34,31.57,32.139999,31.806194,5655400
3/16/2016,31.9,33.209999,31.75,33.099998,32.756229,9091100
3/17/2016,32.98,33.139999,32.369999,32.82,32.479134,8842000
3/18/2016,33.209999,34.25,33,33.810001,33.458847,13637800
3/21/2016,33.509998,33.919998,33.150002,33.91,33.557812,8444500
3/22/2016,33.799999,34.09,33.43,33.849998,33.498428,6050300
3/23/2016,34,34.68,33.849998,34.43,34.072411,10725200
3/24/2016,34.119999,34.540001,34.009998,34.48,34.121887,6123900
3/28/2016,34.419998,34.98,34.380001,34.830002,34.468262,6634700
3/29/2016,34.68,35.470001,34.599998,35.389999,35.022438,6543400
3/30/2016,35.52,36.25,35.5,35.759998,35.388599,9417500
3/31/2016,35.919998,36,35.349998,35.630001,35.259949,9497100
4/1/2016,35.41,36.169998,35.139999,36.150002,35.774544,8707300
4/4/2016,36.450001,36.639999,35.66,35.799999,35.428181,9848500
4/5/2016,35.48,36.080002,35.34,35.75,35.3787,8489200
4/6/2016,35.299999,35.82,34.630001,35.799999,35.428181,11321200
4/7/2016,35.57,35.889999,35.279999,35.43,35.062023,9452600
4/8/2016,35.720001,35.950001,35.310001,35.66,35.289642,6398400
4/11/2016,35.869999,36.470001,35.759998,35.880001,35.507351,9688100
4/12/2016,36,36.049999,35.139999,35.84,35.467766,7313600
4/13/2016,36,36.75,36,36.740002,36.358425,8767900
4/14/2016,36.639999,37,36.490002,36.84,36.457382,10409800
4/15/2016,36.830002,37.459999,36.709999,37.130001,36.74437,10924300
4/18/2016,37.060001,37.060001,36.610001,36.970001,36.58604,7680600
4/19/2016,37.110001,37.18,36.080002,36.310001,35.932888,7728800
4/20/2016,36.25,36.669998,36.209999,36.450001,36.07143,5004300
4/21/2016,36.459999,36.630001,36.25,36.41,36.031845,4457000
4/22/2016,36.529999,36.779999,36.150002,36.27,35.893299,5588500
4/25/2016,36.279999,36.650002,36.18,36.450001,36.07143,4799300
4/26/2016,36.669998,37.09,36.32,36.48,36.101116,5363400
4/27/2016,36.389999,37.330002,36.32,37.310001,36.922501,8809900
4/28/2016,37.080002,37.299999,36.110001,36.200001,35.824024,9530600
4/29/2016,36.049999,36.130001,35.139999,35.529999,35.160984,8047600
5/2/2016,35.869999,36.220001,35.700001,36,35.626102,6401900
5/3/2016,35.59,35.740002,35.259998,35.57,35.200565,5600600
5/4/2016,35.139999,35.169998,34.400002,34.759998,34.398979,13133100
5/5/2016,35.049999,35.380001,34.709999,34.970001,34.606796,6172100
5/6/2016,34.91,35.419998,34.84,35.330002,34.963062,4581000
5/9/2016,35.419998,35.57,34.990002,35.279999,34.913578,8333400
5/10/2016,35.5,36.02,35.16,35.959999,35.586514,6712100
5/11/2016,36.07,36.459999,35.869999,36.060001,35.685478,8204400
5/12/2016,36.32,36.48,34.93,35.57,35.200565,16763500
5/13/2016,39.189999,41,39,40.98,40.554379,52756400
5/16/2016,40.669998,42.799999,40.540001,42.189999,41.751812,24325800
5/17/2016,42,42.580002,41.459999,42.279999,41.840881,15709800
5/18/2016,42,43.849998,42,43.360001,42.909668,13526800
5/19/2016,43.189999,43.860001,43.130001,43.549999,43.097691,9972000
5/20/2016,43.82,44.509998,43.75,44.330002,43.869591,9777100
5/23/2016,44.52,44.689999,44.130001,44.400002,43.938866,10324100
5/24/2016,44.419998,45.5,44.299999,45.360001,45.005459,10394700
5/25/2016,45.5,45.689999,44.810001,45.169998,44.816948,11451900
5/26/2016,45.25,45.98,45.119999,45.650002,45.293194,7726200
5/27/2016,45.700001,45.970001,45.549999,45.900002,45.541241,6935400
5/31/2016,46.099998,46.82,46.07,46.720001,46.354828,10313100
6/1/2016,46.5,47.259998,46.360001,46.810001,46.444126,9678300
6/2/2016,47.060001,47.540001,46.599998,47.139999,46.771545,8176500
6/3/2016,46.68,46.740002,45.66,46.48,46.116703,11526900
6/6/2016,46.599998,46.959999,46,46.240002,45.878582,8062800
6/7/2016,46.52,46.779999,46.310001,46.330002,45.96788,4835000
6/8/2016,46.34,46.509998,45.799999,46.18,45.81905,5865400
6/9/2016,46.02,47.450001,45.919998,47.380001,47.00967,11804200
6/10/2016,46.82,47.240002,46.139999,46.200001,45.838894,10000600
6/13/2016,46.25,47.700001,46.25,46.790001,46.424282,11889700
6/14/2016,46.68,47.099998,46.16,46.880001,46.513577,7458600
6/15/2016,47.27,47.77,46.75,47.360001,46.98983,7525900
6/16/2016,47.009998,47.630001,46.549999,47.549999,47.178341,6161400
6/17/2016,47.610001,47.619999,46.529999,46.720001,46.354828,11775000
6/20/2016,47.470001,48.169998,47.439999,47.560001,47.188259,7344200
6/21/2016,47.759998,47.889999,47.200001,47.27,46.900528,5312700
6/22/2016,47.369999,47.68,47.150002,47.23,46.86084,5065500
6/23/2016,47.68,48.540001,47.650002,48.490002,48.110996,7447000
6/24/2016,46.5,47.360001,45.299999,45.73,45.372566,25442100
6/27/2016,45.349998,45.700001,44.57,45.240002,44.886398,11227200
6/28/2016,46.099998,46.150002,45.27,45.900002,45.541241,9548000
6/29/2016,46.299999,47.009998,46.18,46.650002,46.285374,7973300
6/30/2016,46.73,47.299999,46.349998,47.009998,46.642559,10773500
7/1/2016,46.75,47.360001,46.5,46.66,46.295296,5462200
7/5/2016,46.400002,47.43,46.029999,47.349998,46.9799,9277100
7/6/2016,47.02,47.93,46.779999,47.650002,47.277565,6827600
7/7/2016,47.970001,49.060001,47.75,48.889999,48.507866,9871400
7/8/2016,49.41,51.09,49.220001,50.849998,50.452549,12048300
7/11/2016,51.580002,52.400002,51.52,52.02,51.613403,11219400
7/12/2016,52.599998,53.279999,51.939999,52.799999,52.387306,10919000
7/13/2016,52.900002,53.200001,52.700001,52.779999,52.367462,8115100
7/14/2016,53.060001,53.799999,52.619999,53.32,52.903244,7922300
7/15/2016,52.639999,52.939999,51.84,52.700001,52.28809,10715400
7/18/2016,53.349998,53.43,52.77,52.970001,52.555981,6324800
7/19/2016,52.939999,53.73,52.84,53.52,53.101681,9566300
7/20/2016,53.700001,54.509998,53.48,54.220001,53.796211,7411500
7/21/2016,54.099998,54.27,53.040001,53.220001,52.804028,9032700
7/22/2016,53.41,54.669998,53.02,54.669998,54.242687,7894200
7/25/2016,55,55.810001,54.759998,55.68,55.244797,7813200
7/26/2016,56.169998,56.919998,56.09,56.630001,56.18737,12862700
7/27/2016,57.119999,57.220001,55.720001,56.060001,55.621826,11122600
7/28/2016,56.189999,56.599998,56.009998,56.18,55.740891,5547900
7/29/2016,56.389999,57.25,55.380001,57.099998,56.65369,10239700
8/1/2016,57.34,57.549999,56.360001,56.73,56.286591,7528000
8/2/2016,57,57.029999,55.5,56.040001,55.601982,7068700
8/3/2016,55.970001,56.299999,55.66,56.189999,55.750805,7495700
8/4/2016,56.459999,57.490002,56.349998,57.23,56.782677,6788000
8/5/2016,57.889999,58.23,57.610001,58.200001,57.745106,9289700
8/8/2016,59,59.139999,58.119999,58.740002,58.28088,7626600
8/9/2016,59.029999,59.459999,58.740002,58.889999,58.429707,9308600
8/10/2016,59.41,59.5,58.32,58.509998,58.052673,9393500
8/11/2016,58.82,59.950001,58.700001,59.700001,59.233372,15741200
8/12/2016,61.900002,63.380001,60.630001,63.040001,62.547272,35643600
8/15/2016,63.110001,63.5,62.130001,62.98,62.487736,14332600
8/16/2016,62.889999,62.990002,62.41,62.599998,62.110706,7191300
8/17/2016,62.599998,62.740002,60.66,61.150002,60.672043,14880300
8/18/2016,61.060001,62.200001,60.82,62.099998,61.614613,8292100
8/19/2016,62.07,62.73,61.799999,62.259998,61.773361,7289000
8/22/2016,62.450001,62.610001,61.709999,62.52,62.031334,6118700
8/23/2016,63.040001,63.32,62.73,62.91,62.533306,8494100
8/24/2016,63.130001,63.16,61.650002,61.939999,61.569115,7461200
8/25/2016,61.959999,61.990002,60.759998,61.529999,61.161575,10150800
8/26/2016,61.689999,62.380001,61.200001,62.029999,61.658577,7500600
8/29/2016,62.279999,62.529999,61.889999,61.990002,61.61882,6848800
8/30/2016,61.91,62.240002,61.459999,61.630001,61.260979,7138600
8/31/2016,61.75,61.919998,61.16,61.34,60.972706,9713600
9/1/2016,61.389999,63.380001,61.34,63.150002,62.77187,10712300
9/2/2016,63.279999,63.349998,61.82,62.529999,62.155586,8078700
9/6/2016,62.75,63.119999,62.43,63.119999,62.74205,7670300
9/7/2016,62.919998,63.23,61.830002,62.189999,61.817616,9949700
9/8/2016,62.130001,62.740002,61.419998,62.639999,62.264927,7872500
9/9/2016,61.950001,62.299999,59,59.52,59.163609,17444000
9/12/2016,58.73,60.869999,57.32,60.75,60.386242,14956500
9/13/2016,60.599998,61.299999,59.529999,59.869999,59.511517,11794200
9/14/2016,60.009998,60.599998,59.509998,60.400002,60.038342,7976200
9/15/2016,60.5,62.759998,60.360001,62.689999,62.314625,12880300
9/16/2016,62.91,63.25,62.119999,62.84,62.463734,22561100
9/19/2016,63.5,65.260002,63.209999,63.669998,63.28875,10407000
9/20/2016,64.400002,64.400002,62.740002,63.09,62.712231,8277800
9/21/2016,63.279999,64.980003,63.27,64.860001,64.471626,8405300
9/22/2016,65.239998,65.440002,64.650002,65.019997,64.630676,7718300
9/23/2016,65.099998,65.290001,64.660004,64.949997,64.561089,6903300
9/26/2016,64.209999,64.599998,63.529999,64.339996,63.954742,5751000
9/27/2016,64.089996,66.639999,64.059998,66.540001,66.141571,10068800
9/28/2016,66.639999,66.830002,65.93,66.779999,66.380135,7994700
9/29/2016,66.669998,67.610001,66.050003,67.400002,66.996422,8417100
9/30/2016,67.769997,69.190002,67.370003,68.519997,68.109718,10748300
10/3/2016,68.519997,69.510002,68.330002,68.449997,68.040138,6064900
10/4/2016,68.550003,69.699997,67.790001,68.300003,67.891037,7040600
10/5/2016,68.879997,69.580002,68.019997,68.230003,67.821457,7636000
10/6/2016,67.410004,67.830002,66.260002,67.339996,66.936775,9005300
10/7/2016,67.790001,67.970001,66.660004,66.849998,66.449715,7156500
10/10/2016,67.199997,67.559998,66.470001,67.099998,66.698212,7183200
10/11/2016,66.879997,66.980003,65.620003,66.129997,65.734024,9713500
10/12/2016,65.860001,66.779999,65.309998,66.43,66.032227,10498000
10/13/2016,65.650002,65.800003,63.700001,65.349998,64.958702,9752900
10/14/2016,66.150002,66.599998,65.599998,65.989998,65.594864,8265900
10/17/2016,65.980003,66.599998,65.519997,65.610001,65.21714,4883200
10/18/2016,66.519997,66.989998,66.25,66.610001,66.211159,6713500
10/19/2016,66.160004,66.779999,65.82,66.470001,66.071999,4976500
10/20/2016,67.25,67.949997,66.300003,67.730003,67.324455,7802100
10/21/2016,67.489998,67.660004,66.900002,67.540001,67.135582,6987700
10/24/2016,68,70.790001,67.989998,70.709999,70.286598,8495900
10/25/2016,70.589996,72.300003,70.25,71.870003,71.439659,9936500
10/26/2016,71.269997,72.949997,71.199997,72.160004,71.727928,8344800
10/27/2016,72.709999,72.849998,70.389999,70.68,70.256783,9716600
10/28/2016,71.019997,72.099998,70.43,70.559998,70.137505,7271400
10/31/2016,70.790001,71.629997,70.75,71.160004,70.733917,6309700
11/1/2016,71.419998,71.809998,68.290001,69.050003,68.636543,11830600
11/2/2016,69.580002,70.519997,68.639999,68.760002,68.348282,7396200
11/3/2016,69.080002,69.139999,66.639999,67.959999,67.55307,7741600
11/4/2016,67.510002,68.730003,66.580002,67.57,67.165405,8219500
11/7/2016,69.550003,71.720001,69.5,71.269997,70.843246,12189500
11/8/2016,71.540001,71.769997,70.5,71.160004,70.733917,10717500
11/9/2016,69.230003,70.900002,68.720001,69.959999,69.541092,11413300
11/10/2016,71.489998,71.5,66.760002,67.769997,67.364204,21732000
11/11/2016,79.510002,88.769997,78.5,87.970001,87.443253,54383600
11/14/2016,88.089996,88.190002,83.620003,83.639999,83.139175,33702100
11/15/2016,84.290001,87.449997,83.93,86.190002,85.673904,15652300
11/16/2016,87.339996,92.559998,86.349998,91.629997,91.081345,24676400
11/17/2016,92.309998,94.790001,90.650002,92.389999,91.836792,20824700
11/18/2016,92.389999,94.330002,91.800003,93.360001,92.800987,14401500
11/21/2016,94.089996,94.349998,92.400002,92.980003,92.423256,10910900
11/22/2016,93.300003,93.739998,92.379997,93.650002,93.089249,8259200
11/23/2016,93.720001,95.25,92.769997,93.970001,93.54718,11044000
11/25/2016,94.419998,95.099998,93.410004,94.160004,93.736336,4889100
11/28/2016,93.870003,94.739998,93.599998,94.110001,93.686546,6968400
11/29/2016,94,94.440002,92.529999,93.25,92.830406,11114200
11/30/2016,93.599998,94.160004,92.099998,92.199997,91.785141,11012500
12/1/2016,92.099998,92.169998,84.769997,87.639999,87.245659,25888100
12/2/2016,86.25,88.800003,85.120003,88.449997,88.052017,11957300
12/5/2016,89.989998,92.610001,89,91.879997,91.466576,15057100
12/6/2016,92.209999,93.730003,91.57,93.389999,92.969788,12469900
12/7/2016,92.839996,95.300003,92.099998,95.07,94.642227,12020100
12/8/2016,95.190002,96.620003,93.050003,93.480003,93.059387,9538600
12/9/2016,94.199997,94.269997,90.709999,91.82,91.406845,9557800
12/12/2016,89.849998,89.949997,87.540001,89.589996,89.186874,15033300
12/13/2016,90.089996,92.290001,90.050003,91.169998,90.759781,9694900
12/14/2016,92.540001,97.110001,91.57,96.449997,96.016006,24599500
12/15/2016,96.900002,99.940002,96.599998,98.709999,98.265846,18663700
12/16/2016,99.830002,100.699997,97.730003,100.410004,99.958206,26861700
12/19/2016,99.699997,102.449997,99,101.629997,101.172707,18616400
12/20/2016,104.580002,106.129997,104.120003,105.169998,104.696785,21201400
12/21/2016,105.639999,105.949997,103.709999,105.830002,105.353813,14403400
12/22/2016,106.82,108.870003,106.529999,107.110001,106.628044,17965300
12/23/2016,106.379997,109.839996,106.269997,109.779999,109.286041,16168700
12/27/2016,112.059998,117.360001,111.220001,117.32,116.792107,29856800
12/28/2016,119.599998,119.93,108.690002,109.25,108.75843,57394100
12/29/2016,104.900002,111.489998,102.800003,111.43,110.928612,54036800
12/30/2016,111.349998,111.919998,106.300003,106.739998,106.259712,30323300
1/3/2017,104.400002,106.370003,99.379997,102.010002,101.55101,37549900
1/4/2017,103.400002,105.5,101.529999,104.389999,103.920296,29980500
1/5/2017,104.529999,105.82,101.050003,101.739998,101.282211,24607400
1/6/2017,102.849998,104.25,101.199997,103.099998,102.636101,20571400
1/9/2017,103.5,108,103.5,107.279999,106.797295,22857700
1/10/2017,107.809998,109.190002,105.629997,106.470001,105.990929,22023000
1/11/2017,106,106.199997,104.150002,105.160004,104.686829,13141600
1/12/2017,104.230003,104.699997,101.620003,103.440002,102.974571,15640400
1/13/2017,103.599998,105,103.059998,103.43,102.964607,11445500
1/17/2017,103,103.199997,100.57,101.110001,100.655052,14497600
1/18/2017,100.239998,103.230003,99.110001,102.949997,102.486771,16360600
1/19/2017,103.07,106.459999,102.980003,105.160004,104.686829,16121800
1/20/2017,106.080002,106.800003,103.120003,104.010002,103.542,12300600
1/23/2017,103.800003,105.900002,103.699997,105.089996,104.617134,9247600
1/24/2017,105.5,107.580002,104.900002,107.330002,106.847069,10701300
1/25/2017,109.050003,109.300003,106.330002,107.790001,107.304993,13069000
1/26/2017,107.900002,109.949997,106.699997,109.650002,109.156624,11470000
1/27/2017,109.93,111.889999,108.849998,111.769997,111.267082,11799900
1/30/2017,110.919998,111.010002,107.910004,110.019997,109.524948,12400100
1/31/2017,108.949997,110.050003,108.199997,109.18,108.688736,9068900
2/1/2017,110.580002,114.120003,109.860001,113.949997,113.437271,14750100
2/2/2017,113.300003,115.739998,112.059998,115.389999,114.870796,12081000
2/3/2017,115.449997,115.900002,113.900002,114.379997,113.865341,9318600
2/6/2017,114,117.330002,114,117.309998,116.782158,12669200
2/7/2017,118.699997,120.919998,117.900002,119.129997,118.593964,18655600
2/8/2017,118.400002,119.309998,116.379997,118.610001,118.076302,11239500
2/9/2017,118.860001,119.059998,115.599998,116.379997,115.856346,21064200
2/10/2017,119.93,120.699997,112.599998,113.620003,113.108772,41277300
2/13/2017,113.389999,113.980003,108.199997,108.379997,107.892326,29518100
2/14/2017,107.989998,110.150002,106.290001,108.779999,108.290535,21247300
2/15/2017,108.900002,109.800003,107.760002,109,108.509552,9325500
2/16/2017,109.389999,109.440002,105.660004,107.25,106.767418,16179400
2/17/2017,106.699997,107.410004,104.790001,107.230003,106.747513,14093500
2/21/2017,108.230003,111.230003,108.220001,111.07,110.570236,13798800
2/22/2017,111.419998,111.800003,109.989998,110.760002,110.40078,10844300
2/23/2017,105.5,106.389999,99.68,100.489998,100.164093,39822200
2/24/2017,97.07,102,95.699997,101.459999,101.130943,25747600
2/27/2017,102.199997,105.019997,101.559998,104.410004,104.071388,17885000
2/28/2017,104.800003,105.199997,100.779999,101.480003,101.150887,15634000
3/1/2017,103.790001,104.370003,101.110001,102.790001,102.456627,12620100
3/2/2017,102.269997,102.839996,98.889999,99,98.678925,18858300
3/3/2017,98.57,98.769997,96.220001,98.43,98.110771,21617300
3/6/2017,96.959999,98.099998,95.169998,97.669998,97.353233,22089200
3/7/2017,97.669998,99.529999,97.150002,98.739998,98.419769,15085000
3/8/2017,100.699997,101.300003,98.470001,98.559998,98.240349,15967800
3/9/2017,97.910004,99.449997,97.400002,98.540001,98.220413,11951500
3/10/2017,99.610001,100.089996,98.379997,99.120003,98.798538,12493500
3/13/2017,99.540001,102.25,99.510002,101.849998,101.519684,19353400
3/14/2017,102.370003,102.75,100.470001,101.779999,101.449905,13050400
3/15/2017,102.25,102.989998,100.32,102.550003,102.217422,15375900
3/16/2017,102.980003,103.830002,102.410004,103.809998,103.473328,13077500
3/17/2017,104.519997,106.120003,103.809998,106.07,105.72599,27992200
3/20/2017,106.779999,109.610001,106.129997,109.449997,109.095024,18714200
3/21/2017,108.75,109.959999,105.589996,105.910004,105.566521,22837100
3/22/2017,105.459999,108.260002,105.300003,108.07,107.719513,15419100
3/23/2017,107.75,108.559998,106.699997,107.089996,106.742683,13348500
3/24/2017,108.970001,109.290001,106.419998,107.470001,107.121452,10987500
3/27/2017,105.580002,108.410004,103.580002,108.25,107.898918,12666100
3/28/2017,108.300003,108.889999,107.269997,107.690002,107.340744,10811100
3/29/2017,107.989998,108.489998,107.25,107.339996,106.991875,8749800
3/30/2017,107.629997,110,107.400002,109.400002,109.045204,13138300
3/31/2017,109.010002,109.889999,108.400002,108.93,108.576729,11020200
4/3/2017,108.949997,109.650002,107.419998,108.379997,108.028496,11130800
4/4/2017,103.400002,104.419998,100.339996,100.779999,100.453156,31782000
4/5/2017,100.019997,102.370003,99.5,100.029999,99.705582,18676200
4/6/2017,100.239998,101.25,98.410004,100.760002,100.43322,15878000
4/7/2017,101.019997,101.730003,99.720001,100.330002,100.004616,10726700
4/10/2017,100.360001,100.629997,97.599998,97.769997,97.452911,18908300
4/11/2017,96.550003,98.900002,96.349998,98.120003,97.801773,15453700
4/12/2017,98.120003,98.699997,97.099998,97.309998,96.9944,10352300
4/13/2017,96.330002,97.209999,95.489998,95.489998,95.180305,12672300
4/17/2017,96.010002,99.239998,95.800003,99.230003,98.90818,12432300
4/18/2017,98.650002,99.540001,97.599998,99.290001,98.967979,9252900
4/19/2017,100,100.980003,99.410004,99.68,99.35672,9520700
4/20/2017,100.269997,101.449997,99.410004,101.260002,100.931587,10100400
4/21/2017,100.839996,101.790001,100.360001,101.68,101.350227,8547400
4/24/2017,102.959999,103.480003,102.110001,102.949997,102.616112,9295500
4/25/2017,103.540001,105.330002,102.669998,104.739998,104.400314,9711000
4/26/2017,105.290001,105.389999,103.940002,104.019997,103.682632,8175100
4/27/2017,104.32,105.980003,103.589996,105.639999,105.297386,7992500
4/28/2017,105.360001,105.639999,104.07,104.300003,103.961739,8677600
5/1/2017,104.739998,106.849998,104.449997,106.639999,106.294151,7693300
5/2/2017,105.550003,105.599998,102.559998,103.480003,103.144402,15749300
5/3/2017,103.199997,104.639999,102.599998,104.25,103.911903,8422600
5/4/2017,104.5,104.949997,103.529999,103.849998,103.513191,5244700
5/5/2017,103.379997,104.150002,102.75,103.860001,103.523163,5710700
5/8/2017,104.339996,104.400002,102.309998,102.769997,102.436691,9131000
5/9/2017,103,104.93,102.660004,102.940002,102.606155,21191800
5/10/2017,114.290001,121.82,114.019997,121.290001,120.896629,53227400
5/11/2017,120.050003,130.429993,119.910004,126.5,126.089737,48494800
5/12/2017,126.629997,129.600006,125.779999,127.889999,127.47522,24065500
5/15/2017,129.559998,134.410004,129.380005,134.309998,133.874405,27188500
5/16/2017,136.380005,137.440002,133.360001,136.809998,136.366287,28017500
5/17/2017,134.100006,134.860001,127.550003,127.720001,127.305786,31784200
5/18/2017,129.5,133.429993,127.050003,133.070007,132.638443,28900800
5/19/2017,137.029999,138.220001,135.220001,136,135.701691,25459300
5/22/2017,137.770004,139.479996,137.330002,138.899994,138.595337,20915200
5/23/2017,139.699997,139.789993,135.710007,137.029999,136.729431,17031200
5/24/2017,140.960007,141.070007,138.080002,138.570007,138.266083,20399900
5/25/2017,140,140.029999,136.440002,138.259995,137.956741,15205700
5/26/2017,137.929993,145.279999,137.110001,141.839996,141.528885,19478500
5/30/2017,143.699997,146.289993,143.050003,144.869995,144.552231,24741300
5/31/2017,146.690002,147,142.050003,144.350006,144.033386,22182900
6/1/2017,144.990005,145.029999,142.520004,144.360001,144.04335,12583500
6/2/2017,144.240005,145.300003,143.399994,143.639999,143.324936,12186400
6/5/2017,142.979996,148.529999,142.509995,148.009995,147.685333,20434400
6/6/2017,147.820007,149.690002,146.800003,147.339996,147.016815,18968200
6/7/2017,148.330002,149.880005,147.699997,149.119995,148.792908,15315300
6/8/2017,153.460007,160,151.789993,159.940002,159.589188,28579300
6/9/2017,164.740005,168.5,142.75,149.600006,149.271866,92323200
6/12/2017,145.880005,151.699997,142.110001,149.970001,149.641037,42438300
6/13/2017,154.399994,154.770004,145.649994,151.399994,151.067902,41812600
6/14/2017,151.520004,154.059998,148.5,151.720001,151.387222,29616000
6/15/2017,146.960007,153.600006,146.5,152.369995,152.035782,24095600
6/16/2017,152.759995,154.699997,150.240005,151.619995,151.287415,23124000
6/19/2017,153.410004,157.529999,153.259995,157.320007,156.974945,19454400
6/20/2017,159.029999,161.740005,156.919998,157.089996,156.745438,27386100
6/21/2017,158.210007,159.619995,155.699997,159.470001,159.120209,17066300
6/22/2017,159.800003,160.339996,157.399994,158.369995,158.022629,11728300
6/23/2017,158.679993,159.320007,153.220001,153.830002,153.492584,27214700
6/26/2017,155.160004,156.600006,148.330002,152.149994,151.816269,26599000
6/27/2017,151.440002,151.789993,146.350006,146.580002,146.258484,24987300
6/28/2017,149.320007,151.940002,145.75,151.75,151.417145,24873700
6/29/2017,150.600006,150.720001,144.080002,146.679993,146.358261,26610600
6/30/2017,147.380005,147.929993,143.5,144.559998,144.242905,18276500
7/3/2017,145.050003,145.649994,138.580002,139.330002,139.024399,17726800
7/5/2017,141.899994,144.220001,141.130005,143.050003,142.736237,20504700
7/6/2017,141.869995,145.380005,139.759995,143.479996,143.165283,18657100
7/7/2017,145.779999,147.5,144.850006,146.759995,146.438095,16374300
7/10/2017,149.740005,154,148.679993,153.699997,153.362869,23962300
7/11/2017,153.850006,156.190002,152.149994,155.880005,155.538101,18948900
7/12/2017,158.300003,163,156.559998,162.509995,162.153549,28630200
7/13/2017,163,166.300003,158.75,160.630005,160.277679,34228300
7/14/2017,161.289993,165.009995,161.009995,164.949997,164.588196,23548700
7/17/2017,166.330002,167.5,161.75,164.25,163.889725,23269800
7/18/2017,161.779999,166.550003,161.300003,165.960007,165.595993,19416000
7/19/2017,166.330002,167.399994,164.610001,165.100006,164.737869,17176100
7/20/2017,165.929993,167.509995,163.910004,167.5,167.132599,17489900
7/21/2017,166.669998,169.300003,166.089996,168.100006,167.731293,16208300
7/24/2017,168.389999,168.779999,165.720001,166.149994,165.785568,16313100
7/25/2017,165.220001,165.929993,163.580002,165.350006,164.98732,12413900
7/26/2017,167.679993,169.929993,165.850006,167.259995,166.893127,16010100
7/27/2017,168.270004,168.740005,157.559998,161.740005,161.385239,19571400
7/28/2017,160.289993,165.380005,159.279999,164.389999,164.029419,12833700
7/31/2017,164.940002,166.399994,160.619995,162.509995,162.153549,13991800
8/1/2017,162.130005,164.559998,161,164.490005,164.129196,10784600
8/2/2017,165.75,165.910004,161.270004,164.389999,164.029419,11961100
8/3/2017,164.369995,166.630005,163.679993,166.479996,166.114838,11060500
8/4/2017,167.399994,170.070007,166.479996,167.210007,166.843262,14727400
8/7/2017,168.389999,172.369995,168,172.350006,171.97197,17935300
8/8/2017,173.889999,174.559998,168.710007,170.300003,169.926453,18883400
8/9/2017,168.429993,172.210007,167.669998,172.110001,171.732498,13269600
8/10/2017,172.160004,172.660004,164.330002,164.740005,164.378662,33202200
8/11/2017,157.139999,159,152.910004,155.960007,155.61792,37429900
8/14/2017,159.669998,168.550003,159.199997,168.399994,168.030624,31818000
8/15/2017,168.610001,169.669998,165.589996,166.979996,166.613739,19113300
8/16/2017,167.589996,168.539993,163.839996,165.149994,164.787735,14915800
8/17/2017,164.809998,165.5,161.380005,161.470001,161.115845,13136100
8/18/2017,163.669998,164.360001,159.639999,161.5,161.145767,15030100
8/21/2017,162.490005,162.949997,157.369995,159.149994,158.800903,15591800
8/22/2017,160.490005,162.789993,159.710007,162.550003,162.336258,11261400
8/23/2017,161.199997,166.25,160.850006,165.800003,165.581985,14488000
8/24/2017,167.100006,167.279999,164.119995,165.190002,164.972794,11742500
8/25/2017,166.169998,166.580002,163.550003,163.809998,163.594604,8930000
8/28/2017,164.580002,165.100006,162.330002,164.970001,164.753082,9737400
8/29/2017,162.589996,165.580002,162.259995,164.699997,164.483429,8102400
8/30/2017,165.5,166.130005,164.270004,165.679993,165.462143,9610000
8/31/2017,166.5,169.600006,166.199997,169.440002,169.217194,15317100
9/1/2017,169.949997,171.899994,169.600006,170.460007,170.23587,11135800
9/5/2017,168.380005,168.580002,163.559998,165.910004,165.691849,17384100
9/6/2017,167.240005,167.800003,164.399994,165.809998,165.59198,9941800
9/7/2017,166.490005,167.889999,164.949997,166.580002,166.360962,8821700
9/8/2017,166.110001,166.710007,162.710007,163.690002,163.474762,12471400
9/11/2017,165.539993,169.429993,165.320007,169,168.777771,14186100
9/12/2017,170,170,166.970001,169.610001,169.386978,10287200
9/13/2017,168.589996,171.539993,167.279999,170.369995,170.145966,14524000
9/14/2017,168.789993,172.559998,167.800003,169.399994,169.177246,12842800
9/15/2017,172.860001,180.110001,172.649994,180.110001,179.873169,34119800
9/18/2017,185.139999,191.199997,184.860001,187.550003,187.303375,42111500
9/19/2017,185.509995,189.850006,184.619995,187.350006,187.103668,21857000
9/20/2017,187.5,189.419998,184.210007,185.839996,185.595627,18123000
9/21/2017,181.639999,182.699997,177.610001,180.759995,180.522308,26890000
9/22/2017,180.300003,182.309998,178.600006,179,178.764633,12280800
9/25/2017,177.75,177.800003,170.160004,171,170.775162,21864500
9/26/2017,176.449997,178.679993,170.350006,171.960007,171.733902,28140500
9/27/2017,175.619995,176.270004,172.75,175.729996,175.498917,17843000
9/28/2017,176.020004,176.179993,173.759995,175.679993,175.44899,10881100
9/29/2017,179.080002,179.729996,177.25,178.770004,178.534943,15477300
10/2/2017,180.800003,181.979996,177,179,178.764633,12587000
10/3/2017,179.25,180.580002,177.580002,179.369995,179.13414,9758300
10/4/2017,179.619995,181.770004,178.139999,180.869995,180.632156,10696200
10/5/2017,181.860001,182,179.559998,180.770004,180.532303,10934100
10/6/2017,179.649994,181.839996,179,181.300003,181.061615,7970000
10/9/2017,182.789993,186.729996,182.029999,185.389999,185.146225,14087300
10/10/2017,191.429993,192.949997,187.259995,188.929993,188.681564,24371900
10/11/2017,189.600006,191,187.740005,190.940002,190.688934,13237700
10/12/2017,191.080002,193.089996,189.929993,191.029999,190.778809,13207300
10/13/2017,193.550003,195,191.649994,194.589996,194.334122,15718200
10/16/2017,195.800003,198.050003,193.240005,197.929993,197.669724,14416000
10/17/2017,197.089996,198.899994,196.350006,197.75,197.489975,11964900
10/18/2017,198.110001,198.139999,193.320007,197.580002,197.32019,14182900
10/19/2017,194.440002,198,192.449997,197.800003,197.539917,14269300
10/20/2017,198.490005,199.589996,196.539993,196.899994,196.641083,11290500
10/23/2017,197.779999,198.850006,195.800003,196.619995,196.361465,10717400
10/24/2017,196.990005,198.75,195.940002,198.679993,198.418747,10181100
10/25/2017,197.080002,199.220001,191.169998,193.660004,193.40535,20704000
10/26/2017,194.779999,196.160004,193.809998,195.690002,195.432678,8068600
10/27/2017,197.800003,201.869995,196.75,201.860001,201.594559,14304800
10/30/2017,201.860001,206.089996,201.220001,203.839996,203.57196,12601400
10/31/2017,205.130005,207.889999,204.899994,206.809998,206.538055,10297700
11/1/2017,209.350006,209.970001,204.600006,207.199997,206.927536,12564400
11/2/2017,206,207.809998,203.649994,205.940002,205.669205,8557700
11/3/2017,207.199997,208.690002,205.339996,208.690002,208.415604,8841000
11/6/2017,207.199997,209.979996,206.699997,209.630005,209.354355,9748600
11/7/2017,210.550003,212.899994,210.059998,212.029999,211.751205,10692500
11/8/2017,211.850006,212,207.240005,209.160004,208.884964,13074700
11/9/2017,205.270004,206.330002,200.369995,205.320007,205.050034,24464100
11/10/2017,213.080002,218.669998,211.630005,216.139999,215.855804,31331400
11/13/2017,216.139999,217.169998,212.009995,212.630005,212.350403,14559400
11/14/2017,213,214.800003,211.229996,214.179993,213.898361,13232300
11/15/2017,211.949997,212,207.800003,209.979996,209.703888,12548700
11/16/2017,212.979996,214.199997,211.25,211.610001,211.331757,11044200
11/17/2017,213.919998,215.350006,210.75,211.360001,211.082077,12891600
11/20/2017,211.990005,214.570007,210.5,214.080002,213.798492,9902500
11/21/2017,215.690002,216.520004,214.399994,216.050003,215.765915,9979400
11/22/2017,217,217,213.610001,214.929993,214.796509,8916000
11/24/2017,215.589996,217,214.600006,216.960007,216.825256,4518800
11/27/2017,217.309998,217.360001,214.009995,214.139999,214.007004,10572400
11/28/2017,214.350006,214.729996,208.240005,210.710007,210.579132,12818800
11/29/2017,210.009995,210.119995,191.229996,196.419998,196.298004,34919700
11/30/2017,199.199997,202.679993,196.649994,200.710007,200.585342,20594200
12/1/2017,199.309998,200.130005,192.470001,197.679993,197.55722,20288700
12/4/2017,200.050003,200.300003,184.5,186.660004,186.544067,31021100
12/5/2017,182.399994,192.699997,180.580002,187.740005,187.623398,24537200
12/6/2017,185.699997,190.139999,184.839996,189.259995,189.142456,11675800
12/7/2017,191.960007,193.600006,190.119995,191.990005,191.870758,13565000
12/8/2017,194.009995,194.779999,191.149994,191.490005,191.371078,11671900
12/11/2017,192.059998,194.779999,191.419998,194.660004,194.539108,9318700
12/12/2017,192.899994,193.839996,189.889999,190.839996,190.721466,11375400
12/13/2017,192.5,192.550003,185.880005,186.179993,186.064362,13857000
12/14/2017,185.919998,189.339996,184.600006,186.470001,186.354187,10954100
12/15/2017,188.25,192.380005,185.619995,191.559998,191.441025,16750900
12/18/2017,193.199997,198.020004,192,197.899994,197.777084,11942600
12/19/2017,197.520004,197.729996,194.960007,196.110001,195.988205,9327500
12/20/2017,197.699997,198.070007,194.550003,196.800003,196.67778,7220500
12/21/2017,196.940002,197.949997,195.550003,195.889999,195.768341,7522600
12/22/2017,194.399994,195.649994,191.25,195.270004,195.148727,11656900
12/26/2017,193.029999,197.75,191.820007,197.440002,197.317383,8877000
12/27/2017,196.899994,199.970001,196.309998,197.169998,197.047546,8237200
12/28/2017,198.130005,199.380005,197.149994,197.399994,197.27739,6006200
12/29/2017,198.460007,198.460007,193.5,193.5,193.379822,6999100
1/2/2018,195.779999,199.5,194.5,199.350006,199.226196,8890400
1/3/2018,204.100006,213.699997,203.75,212.470001,212.338043,22867600
1/4/2018,215.759995,218.050003,212.690002,213.589996,213.457336,14581700
1/5/2018,214.190002,216.910004,211.080002,215.399994,215.26622,14503100
1/8/2018,220.399994,225,218.580002,222,221.862122,22030400
1/9/2018,222.220001,223.820007,218.639999,221.940002,221.802155,12425000
1/10/2018,218.199997,223.820007,216,223.679993,223.541077,14566600
1/11/2018,225,226.270004,223.210007,224.080002,223.940826,10150800
1/12/2018,223.600006,224.990005,221.339996,222.979996,222.841507,8997900
1/16/2018,224.050003,227.509995,216.690002,220.110001,219.973297,17558700
1/17/2018,220.699997,225.119995,216.899994,224.720001,224.580429,13460200
1/18/2018,223.940002,226.639999,222.679993,224.440002,224.300613,10215800
1/19/2018,228.089996,231.089996,227,230.110001,229.967087,15234500
1/22/2018,230.429993,233.759995,228.100006,233.690002,233.544861,13773600
1/23/2018,235.850006,239.830002,235.100006,238.910004,238.761627,11880700
1/24/2018,239.039993,240.490005,233.550003,235.800003,235.653549,14499300
1/25/2018,238,239.75,235.75,236.350006,236.203217,10247100
1/26/2018,238.119995,243.339996,237.600006,243.330002,243.178879,12908900
1/29/2018,242.740005,248.110001,240.610001,246.850006,246.696686,11377900
1/30/2018,241.110001,246.419998,238.410004,242.720001,242.56926,14270800
1/31/2018,245.770004,249.270004,244.449997,245.800003,245.647339,11964400
2/1/2018,238.520004,246.899994,238.059998,240.5,240.350632,12980600
2/2/2018,237,237.970001,231.169998,233.520004,233.374969,17961600
2/5/2018,227,233.229996,205,213.699997,213.567276,29130100
2/6/2018,204.399994,225.699997,204,225.580002,225.439896,27870000
2/7/2018,229.580002,234.970001,226.699997,228.800003,228.657898,20073300
2/8/2018,233.880005,235.220001,217.509995,217.520004,217.384903,28600000
2/9/2018,238.25,238.889999,217.520004,232.080002,231.935867,41865100
2/12/2018,235.360001,235.479996,225.029999,228.029999,227.888367,27329300
2/13/2018,226.559998,234.5,225.25,232.630005,232.485519,15638100
2/14/2018,231,242.589996,230.550003,241.419998,241.27005,18624700
2/15/2018,244.789993,248.369995,241.520004,246.5,246.346909,17472500
2/16/2018,245.399994,250,243.470001,243.839996,243.688553,15941400
2/20/2018,244.75,251.869995,244.600006,249.080002,248.925308,17156000
2/21/2018,251.690002,251.970001,241.360001,241.509995,241.360001,22307300
2/22/2018,242.729996,245.630005,239.5,242.149994,242.149994,13359100
2/23/2018,244.570007,245.929993,242.520004,245.929993,245.929993,10382500
2/26/2018,247.800003,247.979996,244.059998,246.580002,246.580002,11732800
2/27/2018,245.5,248.910004,245.130005,246.059998,246.059998,11385900
2/28/2018,246.5,248.100006,241.529999,242,242,13003200
